p1,p2,p3,n_pois,business_ids
101,92,21,7,FppJo5aymUsfOg68uTOipw|AAFofLiyt_K1Ar_eEuVc7g|xcySfsPDols3EdtFC6b76g|JIrsBVXBPGeW5hRZvX7ZuA|dSdnWJxvhLwvsDfRI1lKuQ...
13,102,42,7,afmMy0m-mH9uNUxaZZAKpQ|nAgklYYG1ePyjXqe18QNRQ|APIhbh-BEr29O7JNrcTAlg|V8zZ4f_KxOS64wXjH58GtQ|h6QmqhEBdTjIEAdQ6DEPPg...
0,125,53,6,NYJ1PTYcQhQ8aVJiBPgIQg|sJ7RwRN1Pd602KDXb6oW0Q|Ko7mOX4Kqm3MeGKA81DZDw|tejDyP6IwEvcFQ8AVxKL1Q|Ukl4TXKmgmljFn7JpK1LZw...
32,88,43,5,Y0K_uIStPcNYGK0Mm9f4IQ|97-J376z_DxuZvOB9oBnzA|RbjRDH7YDUf7-9F5yMOC4g|EJW0bbMyTGnmpALCer43AA|QbQxZ7t7bs64Lq05SLAmVg
26,102,50,5,g1JcUNqh_jCx_kXoHg583w|kj267FdmsOtnKxweQA1vhw|gc7TPAFaPdJD2Aa_yF10OA|G0OV23-dZlDjTwgVR7gtYA|5WIkjB1c2JkwmqgqhbwzCg
118,65,30,5,qd-K8ZNpgyNTlYWBgXm2uA|SRt_CBBo9a7MuW629T0egw|uBLzGGjHthoUlheOD5JEww|uVrs80OO1U6d21zG21VHVQ|_RTFBSlmluADfvdU4hw3_w
3,101,19,5,aTUDMqpfoXbvYxL2dEenjg|py_xCryhIVIiJLqSSFv2YA|5HeO2Q_tKt8V9jgthPOnFw|f5UrgjKQtZdvXPEWkFrBpw|YYP6YG2G_hn7PiqjS3ji2A
70,0,20,5,wwUV-C7sNdzglMAm3RyVyw|2YncwxrOwIN9ZxdMyR1BMg|ZMed2YHPduN6mbQUXMIaUw|Rta-rDiQ37MsWGPsCQ_mWw|Z9QsWMsrvOyvF77k5YYuzg
58,92,23,5,lQwSrnzTxhssWHRGyq5rvQ|vAjNHtuCm1Pwu47PEOTwXA|JGhgV4FBAwMTr8w-_UcZJA|xV32Y7jne4duaM3H_r_ryQ|tPu6ZX94n260wQprRVohvA
104,38,60,4,pCmaISSyKum22MOtPOxL-w|Yj3r1lewEi8U3jjoEsfZ1w|CR7A7uxsq46VbjqwMZeObA|m2Gcv_wlAUbHZaqVqMMBCQ
104,95,7,4,zLViSytSrWambgwGECNyZA|wROKil5dFcY24ie52nzVjg|kquD6fV5OclW6Szn24Y-Gg|xFkINhOx95KPIGvoGRzcmg
104,14,19,4,9-Lkw_1lfYDopvKNXCgDLw|WaGSdQGsOCYDqRu8FN7Pcg|OeE7CgEfECz0onTTF07xvw|HvcIFoojaEFIGUCWgtu0Iw
81,48,83,4,ohWH383r60AREWh-aphpSw|tYn8hGpZiRgJ8cP2FcI_YQ|bK0j7YtVyN98UnM_8fUONg|rajhXVhe25WptAZx26UqTA
94,50,12,4,73UjNbSoQjQAOS45rcihFg|NUJrCPU51Cvip4ayZD1P5g|PhLYLCjM_dS_seS_fMBVeg|0sb5sHF_BNcUzDxuia-D1w
62,12,121,4,iRLFBbtyP8dpOKSFi6wXfg|gWik8tjd8Z5OGlMyZGrqEg|-4N4YEobjG89VQsEgqZshg|U6Fq-uk9TM5OeiHzg7t6AA
51,70,46,4,AWGuQflJGycjeHfOZjAVUQ|HxBT-rFCLh3KKWcl8Rtf2A|KckdgxZXRbYze72bhaJVfg|D0gEvEMLeag7CtcaCCStPg
104,59,57,4,QFzJKnSUtkgSs1lKOOxXeA|mnE8PSW_Rv8-sBGxZu1ZXg|Uz_jqUTcRvyJ43semUZulg|YsAe4frGGdiN-1f4-rxGkw
88,101,57,4,3LYKr4nbBVcNUlC4QelSfA|cdrMvOVFFBSwYHb3s06U9w|x6a6XS8xa4pEk_16Q4OjgA|SmX1YLOOAGWOIArWi5ZFgQ
13,105,17,4,zh3WpcN7QE95ovEtES7Ysg|Cscank-XKITnfKP5DRylrg|OyIl7Yq1u9dP5zOy3KSRrw|KrDXSYLYTvuh8tu2MAYeCQ
62,31,99,4,GzWUL6ctJJnVmWuRzQSLBQ|MhyQpGPcR1Nnv5U4EXpr3w|tPqKzAu8DAKfONM4jXxj1Q|N-R7te7N0wmyYlmNcGSNmQ
12,102,57,4,-CIZAVxbJ9RDWl9Xx9kzOg|kLQRUgXEkbus1xqsR7QgRg|eIZxYl6fB4NNY9s67QZhLg|IccxkISZzU6zycUBCKRflQ
96,44,42,4,DgNM0DR8_uoDXyaysElVJA|Q2d0tcWR5AZtx86A_YrO2A|qAjsqPKJwcWX97_EBHwfjw|gpBBspj0xly8vEVz3sPvfg
105,28,3,4,6pYdKvd0G2pHEL_lIeqaRA|g7gNnk1bzEMCyK8tWXplow|gG3Ic7jufSCwUNQQUlHlTA|YMgae4QWClowhR3ZE7oXiQ
41,22,32,4,CWuEJwwbQeshZfXJ0YhOzQ|RPv7ucQhFpBG4GcOg1U6jg|tk80Mqi_jba71jJRcy-BeA|_xwmiNSa_r_eUNRVGriBPA
68,106,100,4,r5LcXzYJaNRJHCS1TGs57A|MWRXvUogMXNJyCIFVq7_1Q|pgCwVL3uVQqWv5fsWk3w3g|QJxC8Bba6K94hf3pJ-gzeg
46,87,100,4,EJ7Tp_KdGx52wSu0_7gbEQ|Fa2RIf4F94u_qWN6TTvrkw|3lgyTOyb7ouBlAQYSiOFPw|D6ITIj1MwI1aZP0X-DceqA
22,59,19,4,0bClMPygqjmGYspg--VyIA|HSTjQ_z0-k_m8ZkbmWSBnQ|fGawcocJqcj3wXjHj7YXAg|V7KWP_nQkpSxR3t7bEqrMw
1,26,42,4,1-lPo-XrL9cWVCuAokb_zg|f03SYXIT37YmarHDZd1wMA|WMhwDub5KIuvGCjXH0fuVQ|y4exYcOCc5ximnsZu5hx2w
80,40,8,4,L0f3ETO9ZyVF6_tdpE0OMg|RDn9X7jN9dXba3ZePxy70w|OTAkh_bxR_i2rIH4dyU-xg|CbfI2g0ZJUCweqWVExU51A
104,20,83,4,XhdTyY6JKMFj29PEJx-zfw|MtEpw40QBJYMkDTbBBv5Ag|L6TPO5xPUO_P_kO4_EN29w|mdD_JS-xG5EX_QxVGD1dYw
98,105,17,4,kegzuRTWVcIAfsmGmkfHeA|Fk7Ba6M0tPiVi_Tf3azO3w|Osz3H2SyvSH4i1AJZafaAg|K0Dmo9rw5K7KOaas4I9c9g
13,16,23,4,xoHg2bSnRSnfLlSgnCQ_TQ|3FlUa98PjRhFEfmMkJlOMw|jqJ697AWs-UgUN1MDOM2sA|uPnrOJOTmWQ8LPgCkvOf5g
96,55,42,3,Gmj3Lrg0wHaJnzshCxNG_g|If0EcO2DAJl4ojvNmr-NBA|8CgkoWyVbwX7D9OMdMTcIA
6,101,50,3,5bCsL-Z3QnuBmJQtIt8qyw|Ru1wQXYcrt_itF94K9yJpA|UhvOBTrHfvGJM4_xhFVH6A
85,58,68,3,PRmGQsldPV7I5uZhEEymyw|Rcje858p_iaK7X_j1dVp6g|pzZpptEBG6Yc4eI6GeScow
4,89,28,3,dVtFSZCtuhCNaUhWfo2vng|MymLJ21yIMrotlJiXbd6Gg|vvMG0sIw2Yw7iXaE14K46A
26,7,37,3,wNtcmwEWxk-La909UW-BGA|aq4qCXFsron30pBPbKDLwg|ntm_Asl46JhoX2n2w698JQ
90,44,50,3,nYdQzTgdAyCfWeRIJaI7dw|NWh7tUUKUL_eWYPQuYGuDA|twQrGPaDKo26B4kDZjTMeA
123,114,77,3,s2JiYzE7i68cXIV6YEcVTw|IS3h8_4gL_IbmpVTKDB3LA|OdIBX09glfXNVSyd0RnIeg
90,16,6,3,6bFx8j2KqPfmT0XEUS1RMg|5YvN5c8-Jn07j7ywazsBBA|u8wxP8s-jr0KCZTfGMl1UQ
81,114,83,3,dUzR2vZ6nhuGdrDV2Dsr_g|V_jy9Aemc3kjznqhbsu_Dg|6cthUjghHSevS64rOYjGVw
91,100,45,3,HuDNHqKv9n1mWpe4BqCnwA|Biidj3QszVuVO0Q85g5NPw|DwEHeY-1Cs9GV-S97wzVhA
33,1,26,3,-BhSR6dAry5-2x3ndjX_9w|_SeA5zYpueTRr8ALSv2lfw|ylnXCamZxv1Azb1GTVuZ3g
101,92,121,3,cdZf-iYQRy5D18gTM95aew|NvaHGU03m-hvXIGScPe6WQ|fJhOwBljOz3VJV-BhCB3hg
94,7,12,3,_f3JQU6IXpGmTLaSqGy79g|Fj1jToh-ChfAOSR8x4wEnw|cOXc8c85Ms6dMEAJazLXHQ
13,72,50,3,A7IirIN-tHF0f7X7TrJQFQ|X3EN7epXYeCBzpMAAOQAUA|CZNKuIB_TMfryRcT48feXA
67,40,107,3,WneyRrLCxcbYn3qo7p58-g|AdSZfKMp4wMRf-GO1cPOEg|-5jh7Rgm_jP2SclLrZG80A
82,100,100,3,USyJiGIvZ8fHjRVaVTu1Zw|ZI8RohniCgda_lLBemR5gA|7rXZnfu2QJBfpp44B8lq5Q
24,114,57,3,AfassS1QI0DHsqwuof9-lA|CIKXmAMtVM7pU0rrBQ2cBA|-KWel73upKHxstRCr9JGLw
38,65,28,3,E9NdANM1gVijPPkl1K2CDg|aASoTrOuCUd0sw2JcA9KcA|zOKaw5aadadq7KJc0TPENw
50,55,45,3,_eYIbxOoSnzGgq3v2o4WKQ|qYTB5zSzKXGHOv-XYHKiHg|hxztzzzHpUviu0dwdHM19w
79,82,57,3,3pBYcS2co6J8ixnWZyKyJw|Gh7CumEuDbHjEf97BkSWmQ|dXYmCOVFSsKBkRq_0-tIaw
67,35,66,3,TwXdnMqRlT7mrRCOUcKhJA|7PGabPXRNxI76U5IFIJPYg|cmL_EUGOZBaMZe-OAZ_-dg
125,12,21,3,FKzZU6drY-_TFOPRZunlmg|CseAWVbUataNvubmxtyaHQ|1EEL5DATdF7odIRhVpf48A
88,31,57,3,HUikwo_T9mnpgk0M7oUHXg|sYlexNuXRw7L1UDn3P-EkA|B5-siB1O9FV2qELh8agkRA
39,44,19,3,etzkwuhZGHUXJhdPC_y4pA|fq5AGPmKcjOIYwtm_fnNHQ|OL82_w8EQhOiShaU9SlCMQ
49,103,43,3,pP9hjbseO3mCi--J59PExw|OSZBQXRzoW2qNkKzUWRuug|SLbJHaNqY3wcRaO6L21aZg
123,117,12,3,iSOwZtXQaUBf5tX-MTVT4w|WxB8498ejPtHE7wFa89_fA|zrQAj03aHI7kpmAiyKcKhA
66,48,12,3,KHQXmUFiAD0FHvrMSakJBA|QXGnmsKYANxOyZBqM-zlJA|vpfy4_N1PozCkvk2WDE_RQ
74,97,19,3,31Br29F2hhd4NJJdD-VtPg|3TKvav2zyNnyGaHC3MEAow|rSHtNeAzQvQiV1aw4a_mJA
24,48,12,3,BgQOm2TuoF1UmD4e7BOUjA|5qVt5XufPXTztxneUzUriw|hxh1ongobphqXq30V13ukg
85,107,27,3,2X3sYDb2wORzDDwNZP33WA|u4ygjA4qLNNp1lp6MpqsFQ|xtEDyU98DnjqsCuV8apV6A
17,124,23,3,NOSxPZtl8dElAveDgMRsbA|3YDXcj6vfpIDej7cULGh8A|UwrAwU66vh3uBhtQE3tEng
48,21,19,3,_FlhRk9KjdXyE0sLxUdEBQ|8yZzf0gdWpSmY6ziyq7hKQ|9ujreFoSYcURn43VkCkIhQ
75,48,12,3,BWITd9JUXP3gSi1z3Y-z8g|PXWYIvRGnAcxWyPwvXbuDw|QX6qD3JEopZSH2SQsmObxg
125,101,121,3,10CVsckZKfUFO1LnXfMZ6A|uFZYgXAubtiZejamwYk_eA|wIqtSoKR8rwTmDCbqKHjJw
123,48,12,3,2er_V-oAd7IbQ5YTY56r7A|ldr7iDtxFXX-q7tJuXqlGQ|BtxUZn4d7yxsHwdlRq1dkw
67,89,107,3,PzmxNRjfOQCaKgSI8O_MKw|JLulel_40m_1LjqK4rWcrQ|tnavrkq5ap9hdshy-IRyvQ
13,31,17,3,d9VqIHwmNj1VOfZc-gWwag|781S5my8ySuLpXW2HSyc9A|ActKgtb-czhXfU93dc8VDA
42,1,12,3,rAUaBd1BMOrY9K6kZzcEEw|ce69k5JMl4pRF1i-hm9opA|tZkX-qmF2u8ROXUJKuH88A
123,117,59,3,bVLyH2WfOrK4UWlFXJzs9A|Ou-_OQUNvBcaAoRU0XPtaQ|edglJsudUEULkxm-rLtQbg
54,51,57,3,vEfA3V3pCrnigUFlLJ3gLw|COMbxg_qdhUAkR7awxkT6g|nqGjZMGQ7ypfxn2KmyBW0g
103,117,28,3,9Mm9xvLfiI72E3Inhmn82g|uHtdM9fh6h4F0Ly3X3ez0Q|mBgaPljP3OYkl_vGKTyFNw
39,38,1,3,Z3nM2-WjfX5CMWqdZ8n5Dg|wN2fnIUzL7VfggfesSG_yQ|Dqk-JnN76h5Roah466Z6tQ
40,18,28,3,CTCYk-k84VA5vCkRgv03Dg|GnCO-g9SyJxnOwFmGpjXng|12G2rEudBUiAcFUd5DGhpA
2,109,28,3,qauNuzGr6cmAuT7K7FzX5w|9o24I4GqjDBQQa0vK68cXQ|O7V5-EkWlcNUbZFMcrSpSQ
90,106,28,3,m3KWIfQQFGcWdX1fyy51Bw|JqOS1yDmOdhx2SLopAoo9w|YqVGfM1gx4DmIzxFXPLSaQ
34,75,119,3,PwJWwvIhn1L9yjoUnPyOAA|pOKlPUu1ecsedBwKqNfWUg|xFMjS1tZNcEkqsT_9bfRdg
115,4,107,3,5eldbLrF_oodWvu1VuEP8w|9CGFL0YFDf_O6aaiTmnOZQ|vLVl8wvXWU1nYCair-8r6A
40,109,6,3,D2C_oX41MdCWhPY7eD0FVw|_tqPmZtjpuK1XpoLdBOphw|mhCDgYUsi9hYXaaK5FwItg
45,51,19,3,6cfNCzL2A0XsmXnjeg0u7w|N4UpSKh-PQNfvk4w1QAYrA|ZpgVL2z1kgRi954c9m9INw
95,37,53,3,WIv5kTb_P3jnngPkMeRRNw|BOUmrR6yo4cjeDJn-l_zFg|v7KzbLoHo9zC2xRpWEEp0A
66,48,83,3,vA5MHe9LqNQcp8k_CaFkHg|BiSdlIuOlf6MqyEZ6aWhfQ|L0zMk5SXnqR0JLEe0XY20g
81,48,115,3,VwZ5NDbIu3elGQI6MzcXBA|UQNQzgy32KycsODdErBUpw|jxEMFqwDJXjCxmcm5t5jVQ
85,30,124,3,BEYsPtxoTnX-2xUbGHceKA|ocrm9vLhGCn4Z8hgadyWHQ|g482P5TcquJcLmruSl139w
123,50,12,3,hUX1yAimviBIhb21D_KtcQ|OqyaD0hEytrcfC_F-ugqMw|8uc-V5fIPcsHfLc6wR6aOQ
13,16,57,3,EwX4CUwRFwjO9oO5sJJ-bA|3WX24d4v-R1OK4xqrcVL7g|vdLG5B0Csu4CGrCDd5IFIQ
62,12,21,3,IKXaAODca0KYqr8Fo4sgjw|xZpgV4EKF1DACo__pQi2QQ|YwpuLk-02mYO76h_hktm7w
58,104,50,3,YAT0yzBf4o96xJJiWVsgNg|KJTX_Ct2k249kDdAgNZOmw|ZUI1uvefVj94JLE1kIfAmA
68,12,99,3,YSq-EslYR6q7_C6eqMtBrQ|-KoF5X8toS6VBY3DvNeuDA|jM3C2n2JyDKDK4dp5R-6Vw
101,92,50,3,zJErbOQMKX-MwHs_ulV7DA|bjkA3ustWdg3EsTLRiUNKA|kH2bJtlej-8oDv8KjsEzCg
83,121,43,3,78kUZU8GPfHgoYO_2CNbuQ|mU8d9qbaUqJ-XTd5Ood6Kw|662o6Z3l7o0PDi8Y-88oWQ
88,105,9,3,0aTNHayaZKiD_4QNo4M9lA|HQRIfDw-q1NSwwxiRJUIXA|Qf6Ex-2ZIrNxJb-qVwbvLw
105,36,54,3,CqvSL_VPlESfl7QzfBGqwg|4nEajRJlnTsgWlvACOX6qg|Y93S8ZVnOhXQTkWZQEU5yg
50,55,12,3,sXSGezktRDQpR6BvM1LseA|m700WzvnKWSNp_HU_XhRPA|1GSWARDKGoe2FWF1QeFqgA
81,48,12,3,d28lZlSps97FHhXZazJ8zA|gLpp7kjR9Zg6ypG2lRjAYg|ZGH8MzJa7Q7iIpmtzBAJAQ
24,121,19,3,WsCIwMlDwt8g4i40JS_nGQ|FeHhy-6uPJUMyVYPAwYjKA|RtGoar2B8lbGP2fr94OWLQ
81,56,113,3,Q-prSTdggNlxAEFV88BZOw|rK4MQ-vybY5KXI73o-0mlw|4IrGZzglUUDgxfBBJKbnZw
56,127,26,3,F7o1wLdUIT5uwnHcP4Aq4A|N177sRwTB3qHaiCIPdYrvA|Slcy2eFMS3cwwAfZls71bg
104,105,60,3,LUXRw-mr9emGL2gw4otvVA|gWJdBPzO0XqMzVDjnlF8TA|y3y5CquZ6lLDswB7uDVSTw
2,97,28,3,l_u2KGYWvx2LBcRV1G-wyA|jEWs4_HRIZS9YnfqR41G5w|q40t6wDJQobul1ifFD6NSg
25,40,1,3,G3Py_rBYU1R0_QPzo64tNA|TB8VwSv-n9S2p2_1wzS3xg|ss6bk9dau55VDXnmMGcNGQ
38,28,23,3,YDlLWQ8Tu0FCIQxEWcaZGA|0G4RIJw89Bj4FT7IWYnZ7A|RUgJgDeBNtRVBr8T8q8gQg
0,67,53,3,Waz1bXpzTgfB9DOouGjJ2Q|p1Y8bMd0ixx1dzj9oTjEOw|idH97uIodDocSlWM16Muug
79,38,28,3,IAj1Lw3FAOY-yZn4IO7ElQ|jT3-YA4x2uhkZwChbWdFpA|0obzlnnuK6Mf0yc6aZBu1A
6,109,6,3,J9Vd_slUuhnyjZi47Lh1ug|MX9gdPpixg0drDv8r3hFjQ|CFxs7aHPs60lgQmSvAkmPA
1,28,31,3,1kRUUIg0EsHQndMfMC2x9g|VzHYbwcFJz2CdVCe5r3sDQ|cf1VJvJIjwccYXwk16U4xA
76,8,100,3,Mjboz24M9NlBeiOJKLEd_Q|jzd6tUCIYEitbQqASionpA|JHgfIjfB_C5LH3r7e8hV3g
54,51,12,3,xCXGV3wEvYd4xBGx8ZRFQA|TUtOrI_GnVwSuHHTTEN8MA|yFpOyYTVc2p2I-vNxe4nQw
79,35,57,3,79AQnzzVVx3B_FviRpTU7A|RZiKnkn-YXCn7QK038MocA|NrgXhmNmD8hBjQn8urxQCQ
24,56,113,3,nKdvOAenRN4WllzGJ3hd4g|IXRSMV7U5D0sYJvArEbm5g|Ro7opPbuSZdL1igdatdTMw
31,107,110,3,dFEnHoG5JZSFUsEJYofZ2A|u8cO0HLJKLt0rTWD3-hYhw|pyZXqpMmAJpMd8-i0GMBQw
85,107,32,3,qYuVkDQ5SJj5SrYv3SGc6g|6q-O7ca39bClXaQf53TDuw|2fwpuNOiQhvK7KgZ1ifimA
7,106,107,3,9kvhb23dTj8o1chCyHjSvg|5ITd9Bnspp8QteDDXs3ULw|qCA5c4RsKrT90NYSUlidDw
116,26,28,3,B6HUaOSZ9ZVZ68ImDF5EqQ|6PHXDLQCiojDiS1iCZTVAA|9n4LqdxVDc7gNW4gdvj5Lw
67,81,107,3,9UD0Smup80sh-c7zc9ySdA|Xuppzuq-HxuzmT3fsGwP_g|joZiynWmh9cenAL7ErPdJg
125,12,115,3,xp0ZfLeSimsQIe0DNtpu9A|I5Bbg2aiQGRhe5V0E2DPXg|cfi_6fdO8OoHrBGeHMxzTg
23,117,113,3,8grIwJYQJ16EUImULDCdQw|WetGZHi6Q_A-zxujdzjVJg|ZMejgg0By-DI2wyQWezBbQ
60,38,66,3,OOB-Rd8HtW7Mfj154dFUWw|1yJPs54BqmU46nqI1Htuhw|gLy70C_C07OMDryHSdMJMg
105,35,21,3,jvCNijeK9ZOf2Vb6pGNySg|0y0qPSILVuwmj-hxkJJ0Bg|lEIf_o32rRWcpAeV6pshmA
123,7,63,3,D4DZztR7vkbiED6txGUYFg|dwh4dy4zyrf-NTqaCYjH6A|kL98j83h3QFUoSBBevCHOw
103,48,110,3,Gr6nYrQ_-3p4LcE4M84lTw|2PWmnUV2Leb2Loj0TqxCMA|1NMz64NAM9ED-x6-dbVxdw
7,80,36,3,zczhm2kpHy4MKKW9fmSdFQ|cZ3a8jhARdhfxJGJuu28_A|Hilkfh2JgsyxSWrlqIyAeg
34,15,119,3,bJdKrQIF5SihmWWZD0AIkg|6JeOgP-NpUedS4u5Iz3qlA|ZHK-GmldSu_BSFfbpVKL_Q
94,117,73,3,EzQpL3jNNGlUzeR6n3uevg|ipRXCy-0ChYK_569rPqzJQ|F00qGEKYhqD43At669lcjw
88,101,122,3,K1oIwHH0QNDOW5vTelfHgQ|gY4kIh8f9uCk-XI0FPH1fg|g9doWs1fgSNHbQjbkrlTxA
20,97,50,3,MjVcBrJKu2hUePZuj1Q5iw|FKK5ucMZVKr6qdU_SnUEuA|o8k9ub9eaG8mxImsovmTBQ
29,24,121,3,uwEN1AD7lyGGxyODTrB3Tg|thPp3lfdb9ytmZ0T0YP6Hw|LJ4GjQ1HL6kqvIPpNUNNaQ
42,92,14,3,HVOHC7EyUMYdgV7S6kd0uQ|NK0_YatQwVmIFJJyrdNNpQ|p6H295aQCbDJ80GcpqFvwA
60,124,23,3,KpapS4o3byLjgyN3S9KPCg|oaL4PHfTpe71IDvGw4AhcA|hZJoD4qGn01l3ErVUIwyeQ
61,75,107,3,pBikZbHYBCDN-ikjc9n90g|ZTFpUHP8c49fmvmonugO2g|x_NMDVi_xZ6Bph0yuWycEw
78,40,89,3,f6_NdhJ5hTopo3r-tflgfg|sQkWVgxhbiVBydK6lK4bZA|t53GwxrCdm0z29xrYUyQYQ
111,106,28,3,LG9ZXJlsedUyYR9SBuq-rg|D_xImnAQxQh4nNY_xcMHaQ|1k-jn75foQrO-YLy6gWXLw
39,40,42,3,bZ2qzaxhcvanYFodvyzkCQ|Op2LBr0d9E3SLm12BEDrfA|zxtDh0mCBrYiT9UksuK4hQ
112,80,77,3,efNrVvbNw2stIq2PvCDV6g|wtL_W_OZ_JMqGBdt1oAJ3Q|I2EK0VsOnF8pFCs28PHPdg
1,35,57,3,nZmoai2EQw4RgI4w4bbzDg|R--rV0fSLevjMwxIH6DEBQ|K7vT-aZRtl6V4IjpRXaCNQ
1,57,56,3,pNrAkT-LWNCKlaZ0EviyZw|sYICfcex5_jGEhWATtndyA|qyHFUF1ZuPh0IJv1dT4s_g
26,113,45,3,jqW8kqQCR_NUY1DTtg30vA|VMOzGMX2qOwccFLOaxPSNg|vVrnNrZKh_2v6TTSknZnAw
89,57,28,3,M1GH2As6vZ2lKDpqw13lNQ|vupqhNCiMfbQXBl9C-y4Ag|YhRL2xPS-y2h90D2L4jKBQ
126,105,101,3,TiYGVQxNQ-wkr63o0JwaEA|laXWQMgAW2kUfAH7Y-xH8w|JlbAYc0fgqVX2IVT113BnQ
2,97,107,3,b2cW30_3ZVMwe49VfaXPWA|-X6ITNozAhXT4uVBjdCBUA|N971nQQSkod30TvgmOx-fg
118,1,56,3,oqVIt-3KN84rkeC2Z-woeg|kv0orF3aeISZfxgRCKc0Uw|Lv1sMLqeXVn0CaZLIrewlw
111,88,94,3,hVMCo8daSsRGdWaLCym2Ag|Q0yXdKsJX513_89t5OHKKQ|___UdvaxCnwsQ7nA1eKZAQ
109,124,36,3,kBy6spzfroIe5Ph6lO6b7w|j3yCJo6tcggWs_Z1-cZ1AQ|t2IQvO-1VT-KBA0w2XtHfg
45,48,19,3,geFqswYwGZ_XmuSJy3DEvw|8-1vYscR7TNGF7LcJeNZBQ|KkdLjGfVsfGESNkE0ktURg
22,98,52,3,AbTrRYsEUhF5V3q_WcpqXw|pS2qdeEPrKHWzDHu1tNdEQ|qvfkT03PHLf4_Ejs4gtAFQ
4,55,115,3,ZqGYaqGmHqoqFdUI3WvNFg|7Z93_XZ7VKes9uHymhFXuA|WIfL5FlNJIjlN4gixWzDoQ
97,105,89,3,LPQJ4AjGFKRRf4Uo7dt7bA|G-l1Ys-BBsq5JJjJdZzIIg|bmxstFxh3JFaEAyVz3P7ZQ
52,117,12,3,K8tLlUcLvCY4VZ-ITQ1sxA|-0M0b-XhtFagyLmsBtOe8w|n9YO7U3bbudSwIpkCtQZiA
83,43,43,3,un20fcU_7BEQzWueoVZT0w|PTn0hZz7BiP5T2muyoxrjQ|HqOdvnCuA5SxRiuf3lNgig
23,114,113,3,H7ViV-eL_t9XgOA8SeJYYw|xmCXx8SkgKOJa-QeayatUA|lU83FgsPHd3XL6J3cPKN9w
81,117,12,3,ZdMr2rrZAYfPVewtd29ifw|rZlmMVYGaf1q6q0KoJh31Q|80CuLvezLk7SkkzWbcv1Dg
97,60,94,3,Udlivg8oVF_JRgfL5TV33w|KJWfjy6xcbIEKJ7vQXm1fQ|eUPf2XQgiZEVRO8-5RrSng
63,111,107,3,-RckAAIJ-_KH0AzqrekYuw|3Hz1tjW2YqD5JPJTe2I09A|hgyKTNWEP8eeTdUm61bUrw
95,4,71,3,hKAh9ngwQ4pLpn8KfP3G_g|XZRcvUnWgIGkKm7iCOJgjA|rVUQMiFeHaLbGZYnqVXRTw
103,114,28,3,hsslqZAVtu093rkguSpltA|0Nqa0zPHoB_GVucVMd9f6w|wrlH33d6kVvLvoxTvG5wVA
98,40,42,3,48xFBazZoaP-sOacT6WlHQ|g1-d6abGlN4YRfSONkLtuw|5x09OHk4-TyUvJ0ibqshuw
122,64,42,3,73Efjb70ykGRL842Hp1bvA|yH1AyWc8uPmmsZOD3JlWqg|L17PfKnnk_sVm_e0bBgNAA
103,114,12,3,vufXnNdvRl_Y0wAj_wLzOg|z3RdarkVy7JIwIICn-eT9A|RFYlmTjgwhOsm7qJwW1G9w
24,38,113,3,P7f8_zKyP6uOBdj9vbQpzw|s9kgpFnusx0hirEYs7L6qQ|HS5CfzQ_gOJHgqwtv9rvNQ
13,66,37,3,u706KJdyx6MuAjlt8e0RNA|l_7TW_Ix58-QvhQgpJi_Xw|iaBU5h_j0TCrUFzTbjFIlw
88,31,75,3,dyuJT1kr1UlojGwPX70w1A|OFSrGC3hrP3SvZcernZl8Q|0FMOvA2Noq-gieWfnXB7aQ
121,42,71,3,lewqGloU_GAxjmyw8yZkTA|UypZQjkKLWf6thQcEWk5vw|sFmGnjy3JrZPBcpNXgOlDA
84,48,115,3,4Do_B7sfhfsn4TQV1h0psg|gjALduh0HJg-xMHMm0Uz0Q|fG6Wg3yrjY5Wm7UL00y3fw
48,51,57,3,9A5Gw0At6so0x-vWM0_JZw|zpKTPWoW56wF6d9qNnxM3Q|Xtw1Rpqj3IV-TKn19fIgpA
103,10,58,3,CxzaEZX7Zu8xHBqOBlzqFQ|20gJLt2-gr8MNQG84-K-4g|rZkwiLIUO50ozobE0sVp3A
84,114,77,3,SSoN6EHMxzrdQfwf9T74jw|Wo4JAP8XQqaNFUauDb2aZg|4hQxm6xckt0EGqfAGzQDyg
92,41,93,2,6LCZLGa09Qifn6rG7-DNrg|_7V_3b2dSSVIXqVMJwGmoQ
103,100,73,2,XBdaG2kQ2Iz9VNGPZokjYg|Oh3Q3QfhMl2DArFiLUrT9Q
76,53,28,2,-OIUunijjcq_ZzyyQhPPFQ|hYWwNKt65xf525Z1GaQsNg
90,24,17,2,piLUryfru20TQEafOj4QRA|PExwqa8qpwZ8riFp2Tuy_w
1,52,4,2,SVV1VmybJGXGge6nFuHy_A|Kgb-t7QzVrnWlZ5gcuGO5w
108,117,100,2,7T1VAYHIS3cgsDj3iS6JWQ|1ju18Y3tWAFIP5mhk32UoA
87,21,77,2,17Y8circEnkMMXKfLo8Ztg|-wwhD6SwDOJZlbZkHlIchQ
99,58,50,2,GphyhvJ8tX-ZZ3cDxJwdZg|4P6u1-EXiwVdGSZbYHD7GQ
45,50,29,2,kxX2SOes4o-D3ZQBkiMRfA|a_fp9I18WcbP86rQ4c_QZQ
34,99,119,2,FGd8MNC_IArIpxeXe_5u8w|Q6dqCcvBDeRYmz5MV3AqDA
106,97,88,2,4nmSdHijY4skUHuHebtOvQ|CJQWVGOAKm1l1dh1VrASVw
101,15,121,2,UjXH7iq8eYauQoGswkxGYw|9-W8_gKJ-tRPr52TFKFNWg
77,100,64,2,kkcQYuF3w5iHnHMf0EnRhQ|KDWHReUcvNqhvbwhlYYb7g
87,27,91,2,Pab9VzWLe20vrdGn0rxNfQ|2_MjeYAW1c3k1a2UInx-5w
76,41,117,2,7yPzOek7Af2dKWGYKpcHWA|wsyVH0sf0ttt6G7JqmP9vg
75,117,113,2,DytKODMqcvQ7MWA0NN2uNw|TdrNka-oPWf4B-jN9rKltw
97,60,6,2,HhU92tUeDvBGaFfgQHISAw|IUy1uzwr_aQ4nzdBNMwgRA
62,101,115,2,71cUrGn9enOIIiPtwqp82w|BB1JmWGwv2RIlSdhLiNHkA
48,56,67,2,wCluBbW9nzS7MEMFltMwJw|2qHkwqao9GyxnDXHzCv4JA
84,111,12,2,FnEkr6LzjuGsg93Z7fkl7Q|SDL247FlOnScJfuNjZESxg
31,75,34,2,HoSD12A8J7m-q-F_Z7s7uQ|O6Mn8SQzavRYCOiVeuZ6Jw
100,115,117,2,MoU6F7B9bSLG6Ykan-9G_g|PniDGhPSa_bMWA8gU2AipA
90,9,23,2,50MNOCMK3OxqR_VL3Bsupg|G0NSmjqBQetKio5DSP7t0w
44,7,10,2,RhRQhyGHurL9WqRoAn7luQ|0IheZIsRS5tejvxocP18mQ
87,51,28,2,NeY1bH6IKJxnn4YAixibsQ|-Or44IdY51Ukd618kikmtA
95,78,115,2,eM5CowLA4lGmATovJrLRXQ|YC5nBPPvrl2qF1vhrPHFhQ
30,29,81,2,jDSWTtmsrq5_0z_ZK4Au3Q|EalPRF-6CVQhpBJjM-fxbw
85,103,54,2,9TNrkJ8HRO9ba_y5ZDqo6w|sEA4rp2JGOR7YE_SuoJSGQ
70,126,20,2,c6DUOuLuX8pKVNgKUlZf9A|nlbyk0ueeAvh60cc5Rq7YA
105,65,121,2,2IOlw5AaluuCSci3Bd0u4w|_peFbE5jqTwlRJ-jgoMe7g
26,102,66,2,bH1HbFxDv6WquY-vK3fwww|ZX_vkr2NmX2_VO8MSQapng
24,105,72,2,DsKzHnkLKnxZTVsFpts4oA|35jNPbB_-8oh-LHb9GEIQg
55,79,83,2,zNi8ceY3sLBXZoTUstjrvg|jztTAvxtscotr6UvBqNQkg
104,20,19,2,uwF2zLAnZZ1SCwEF8QQKQA|aQZRMPH4ClppMCqfnshR9A
30,55,21,2,xJWchnP9x_5STCQzEazQ7Q|fXxrP7dmzZ8m2T-C0EK3fw
112,76,28,2,GNnDvJwtA9C1XFf-yv4KVA|BXDV7WRidHmDl-JwLQBxNg
126,38,30,2,Gd6yIH-qhf9uCdtUWs382g|dGaidaNAdxm_leuUqYHNog
103,48,115,2,fAKJLkzh71-K8ra82xZJWw|cwn_MBPFUJtme68WURSgKA
60,38,14,2,E3V6zb2wpHEo-1dfpIaUYA|vJsTzkbgYdcLdCB4rnBv6g
82,117,77,2,FKrP06TDAKtxNG1vrRQcQQ|RBCtHLVvc230q8zkRWIoyQ
63,83,37,2,vR9SKMvXCXyrl6u5ouWHBQ|gyRfeBAYTAx-Nh1xIoF50Q
15,96,26,2,DRnvSL_I8MLuTLhl6O4JBQ|W8JndS-2XMSk-ZGGufKzZg
39,40,1,2,ra0Xp7uUxkdVxawtdZSrEQ|jnA8xrLUi93ClDd-anHaDw
48,8,42,2,Dv6RfXLYe1atjgz3Xf4GGw|30cpm1uq6xcQCmN6JTrB8w
95,66,122,2,UhSVDwQFW6mKmaEA5OTU7A|CuvEvIkPvYVvVvsWDW4T4Q
89,57,30,2,4xms8NaJgu_YFXhvR78w9Q|BzDbphyIfHWZUoaQQdAUYw
77,79,29,2,0zf4KKZqbqoxiuKzeZLDdg|vcyyzUqEiCTSrFmHgqvxpg
39,104,115,2,rjWmcVqhXlevrXDPRNUrrQ|OmMzmi6Ny1sag3JlgBRcYw
66,50,65,2,OHzX-ZD9qyoeoxR8Z0dlIA|MfKScMsPZfE66VQ1CsbS0A
50,40,36,2,6Tk-1wFyywckZOongs32bw|jiNS6ykXcU63wNgcMHzlmA
14,106,34,2,G_j7x1JiHw8_RrXNX3JiPw|JbMhrL1yJdYRBKQowj9g4g
81,50,113,2,EtKSTHV5Qx_Q7Aur9o4kQQ|fFY5pda8iTCUQmEfhyMa5w
68,101,83,2,7ENaqdbPmYGSFaa8tXZzFA|HE_8eMbGMLPdhy2harLH4Q
58,123,42,2,TPfhxYwdxj4XExyW2vl6fA|3puk4beQqK6zz8N4nTdhtQ
2,109,57,2,kPnpaRR4Eed4xBRoYqr-cg|1YbHnoddvsGXRvhkcTRkiw
126,56,42,2,r-kln94enJMMmCWmzbXO2g|zp9OcdUq2CWtQuI9FFBOQQ
103,48,28,2,2SYEGA2fZLdzZQ9lmIfM5Q|c-jQ_--GMT_SvyjclyYqMg
75,123,12,2,u7_3L1NBWgxhBM_B-cmmnA|LtLbT776NOAjva1ttA2h3w
118,28,31,2,9xgHivXmL1Vzaz5P97PzCg|viTvepI8TEHvl8nwiewX6Q
109,70,6,2,iqN5CY_BpZ5pQFBnISYy-Q|GUwFJByGCwguuB5CAVpXBQ
75,56,56,2,YtSqYv1Q_pOltsVPSx54SA|gjFUrbSMo1rA1jgG5IhA2A
94,111,72,2,PYUI1OJVksGUbCrteU68bw|WsMl24qIbIJAZ9rBPrLp4A
67,89,11,2,pf8qxSWPpdfanQEoEqenZQ|vlcU9doMaKNL_ITU5NPbtA
6,31,57,2,Vwt2NXWtEzJVzp8wSzmUoA|3LxP4hHw1Ic-enGC1KEoqQ
67,88,45,2,9zaXFApfobvEKgfGt-NUxA|b6nhar-0ecQpIz6mlvr-Jw
112,115,96,2,X3pLW1Fq9SlbrUFsxgynwA|Gm1DYE8Ko0IaYnpfvKhCXQ
121,55,85,2,_LtJsAcsygWR54vxvmChEw|UGlhUJCpRwhvUa8t1Gkr7w
69,36,86,2,Oei0GwiHmITLgORIF0g8BA|F4RyWsOr2dcV_j131gqNZg
0,62,95,2,Im4IDA9RXycirW_EZqAj5Q|y53bddkzfz_aWu7enviTQw
65,63,91,2,aCHS5pnDjChkHpFo4-EfKg|Xf2bYD_gsKuWiGYZw2qsYg
1,35,43,2,d9eI_GFFIvR22f63Jt1MtA|Tw-_iFtSEL6Sxki1b7HR8Q
120,119,44,2,f96nmEyl3mNec9HrMZSSVQ|8KjJlBiO_ILI_Fvti_Hmfg
28,35,28,2,t58IPc9Y0kOIfktPBRp1Ng|SZuzpUh09BLVqDdo58c5Jw
52,114,21,2,n-iPn34tLaqnq-dI8m8Bkw|tngXF4K4cojGHn-4PUpBLQ
119,70,32,2,fjAbzsW03bW3EvC4-e184g|C0_UsFrWCXdHdPFTb57Zqg
25,94,30,2,rxqcQ3fMMFsmKFo3EsBnEQ|iy5qn9Yw0vepq9lxM03pGQ
68,14,94,2,lccVg98PECC-2mKivDgaVg|oDUOu3W3pO2PG4QzzlxUfg
39,38,56,2,I3LSnL6UfkgoslMzXSYvDA|ysxrRklK6xqBiBznoFp7Cw
115,76,87,2,Es39sSDXiReBthHLBSD_Xw|KN3-8a1ito3X54_8YKOipA
45,77,122,2,zBOy9arp97nuwKuTal5Mkg|9Qfor2Rl4MBWnyZTfQYWrg
89,30,28,2,sDCqBdVZ59kPyytHAC8r4g|WKaE1xXMuZEfDGC9NY0eFQ
81,48,42,2,-ATiAtTikuGuqvaW2O6tNA|ktM6aYuzqWd-kA8SIWswiQ
35,47,77,2,nQTJn9kdpU9Mns-b_qduVw|eVFJcel5xmGOAGUBwyxS8g
99,8,44,2,D4PD-ZKV06keByyoouJzhg|Ux1CCrhp7mqBJG5ZdmK0EA
13,24,31,2,eaV07HGOcyb27XobHVl8LQ|ISi0dQy91K16TLR8zo-hQw
61,103,68,2,NXwEDLZjv8dUqbc5g5dCYg|dvYS0Y_RHFGyR4Q29rqm3g
41,22,9,2,YCxJQTkH6BPbYlWc1YDRdA|vENOp1HN7jopRAiuxw-61Q
109,65,87,2,u7OkjGuBsj6YlMc6T5SY4w|dcjXoskVNRNB8NVPn_zmHQ
58,88,19,2,6aoXAXNrL7KrGBVRYBMFWw|u8WvITGLSvg0bUltHpSUmQ
46,14,21,2,2ykuXX5qGkQjPh9PaIA3eg|xiypSwxmQJ8p7qnYuky6Cg
119,127,119,2,JzY3UsaDijXuSflzChNSYw|Bmoc9P_qcjuPvVzwOWIXJg
4,55,28,2,8iWk2GMX0e4YrmH_K-zogA|B0e8jiZ_NAC50AjU9oH5ow
48,51,12,2,qaDImxPguQz0jToNYvB1Eg|EdopUxxfxqEA79Vcy_dT3g
70,15,54,2,mrMNJ_g5qF2PRT7NP-ZLjA|V35-Tw8yBCzqu6oERS7fSA
45,8,83,2,3wg8xiywSGA96DWCF0WOLw|5Gdz1b4bffTJAWXENGtQPA
111,101,28,2,EMjC_SpCgx8-UnjrBVRylQ|3XTQcobtEsU11sSN2Jn7Bw
2,88,57,2,MsjH4RvhAY_PHiI6PFpQLg|ohbpgQ7ri32vgd0NChswmQ
126,72,12,2,_MU-PDD75XolYe0BKcIiVA|i9B7FwKJoXYiBUSKRObgBA
79,105,16,2,UjGTEhQbesyleypubNyqqw|aQ2-kEwDra31zu0NCLpUsQ
3,101,63,2,X_OnAUXVGHjyWP9zoPVLTA|lDhBIE5Uzb0jZwkEjGvsfg
80,36,89,2,gNyQxg1X4oGQupjn2VpsGQ|UgmNVN29KpOvzwwdUpTgbA
118,28,83,2,3IadlOAx145dhqMkIezlwQ|t7QIg4zhnzPnt5nzrXrkWA
55,117,77,2,LM54ufrINJWoTN5imV8Etw|RadvqFuRTZNEfSZ_avPRog
96,44,56,2,e_nJYz42-ZKvHGtP7j1zPQ|P3DS2ks4mGtmLEY1HrxCWw
61,126,8,2,EHNtEYL9GXsv1sbKChMMWw|Pg2ZKh-Ss7CCpaF8MwNWYw
40,80,50,2,CTvOidAcbsTaZKhOFmh1Tg|3cuWXwS_ctOh834MzMZXmQ
1,30,43,2,Yfc9dSHTLO_RCGzJcUMiKg|y2f1eQ3UR-5Wi64TJP617g
15,51,26,2,6jWxJEIoq5RrEAARWmj0Xg|nF9pEi7NxvMWXZYTHOhdew
118,44,12,2,_t_UwNkwAinJSljDDYvnoQ|FBFFCqsidjJA3_Lwmp1tpg
76,53,24,2,nKYpVtHmwzPBmVAlz73qoQ|C2XaAQrXj5UUWaHRw2CiRg
33,30,71,2,wU1_0cp9riS3VL_StLkPoA|Pp4LoheunB4izDxveFgU0A
118,44,28,2,zTdkrKZaH9ZdDRK-TZMhnQ|o3RzkJ6yRhE6_YN5786feA
63,96,36,2,fuY-1RhqXFeZ_sh6vk4GzQ|lmn-S6L0JAi5bEput83j6w
77,51,115,2,ovWd_lbvnK1dQSkSkQRfpg|5ICrDkwtX4ykKOLVJ1tFJA
54,21,127,2,lX-H5mJYzs9i8UsPghlvCQ|XpQz8LfaxU_-epzBZ48s9Q
96,38,12,2,KrR8o8nLTrhadC1fcWx9rw|rFX9WHuPEb5-cZ4yN1uK6w
66,50,19,2,aNNCjIDnTxn3YXRa4SnzYA|mf0OyZ6DX2iKUFIV9TqFRQ
59,103,105,2,2TtkreVRud9P8RcU8Lw3pg|5IEkofnAwaleuGjfBVsrvw
115,86,107,2,0IFmbpwP1JiWVCG7z9KORw|Cb85PgiOfcmHza5GQFTB6A
124,53,91,2,0De2juaQqHNUYs-vNEj9RA|I-VOMeptMsM3ooF_2zWO0g
117,66,64,2,0zQtELENNywry4zSxQBWlg|Rcq6pvbBnlQtM-wj4bF9Ug
30,40,21,2,Hvg95-6XJiE3B8WF10XAGg|FYboiPpW2j6lP3T3n-lKAw
65,115,127,2,bwgK5d9oT2sUcvyBOsTREQ|bffLbfi1IEAff5C2IHJvFA
123,117,56,2,j-qtdD55OLfSqfsWuQTDJg|T_6e0SgNuKotySgVS8O1UQ
37,66,81,2,KGzDbWYbVRItq7_ubPBEHQ|ayrJOc0UzneTn6pgHsKCaQ
45,51,29,2,iUZEGx29miZObLd6_lt7Vg|irXywqvfXj9maLLOBQMYvg
81,121,113,2,1fGaY2WlGv2l4as6UkMFrg|d9bcNc20M6jXF5V1PiujgA
52,48,28,2,lPOS2nfG4TuOFQmBEOiNwQ|f1oDIZxQ7V44PvzPCQ-tEQ
85,75,28,2,e0IBYH38Cag9jjojUmTAPQ|78j1ox-fsLGrnBRzn3y4_Q
82,115,100,2,OmZZS72yQcPyqEDPCA3EVA|1CTNhKEqGbmG5r-sBbDoLg
30,85,83,2,fDDi5L0gXLrvHAX2HDFiDw|08fkgKXeLTFmE35fCydRpA
65,123,115,2,m6RGfATGF1aL_g7oYJ-mbg|_pHMElutAeebkqmYYNeI6w
98,102,42,2,7E6F4PcFUzr8SPB9Q5yQBw|vqzNQflkHpPchC_SVq8gTQ
40,44,50,2,QJ7nNAXmBR6dDZPWj_36pA|iE9w8w96epHq1nPO52AxGQ
59,83,108,2,9cYRaymW7LV8oJKdtYn8Rw|9YyeoqIBSEL_uikPBTZZUQ
39,85,42,2,IJ8Typa6BGckVuh1jhjy4w|EDdXCviJePupPdni6CQY8A
102,45,7,2,86glJ3ygYJV8HE-FClONsw|_UqbqUREVLgjYu0s06HWJg
48,117,77,2,c7TanwrkujM7GAE43H4kwg|phsLOuBeiYI43hglvWK96Q
43,123,59,2,Jq65KuNzC_Uee3TJB9Xv-Q|6LYmMCltMzSMK-gMjqWTCw
107,26,63,2,sMMkN5m-7C_gF7wGOZn2bg|QYBcLH0A7ZFO5-kMYxiloQ
86,36,121,2,WfjsGrbSIswLMwGtKVNcwQ|C7UNcd4OuXxOZUU36tBalQ
86,92,50,2,wDaZZM-R-DvhoWR8y8q0mg|Qy8eNnWB1bTYnvRQ9jgOOQ
79,57,83,2,u9Bs8L3oI1A3hcXs6vOv8w|rskpT6uTFJvcFhRJ2tEBwQ
77,43,67,2,Wfg85U89qt1OA7aqw5trFA|wSuEwNNOTSH8LJcH1PJAYg
106,29,75,2,ITOkOiX-hfsazVPpFFQVJA|HpFEBBqIQOo5QdBTVZ3FyA
113,26,42,2,dM5-fBUJ7vII0e4I3Y--bw|soNYYxlzBldoIQ5RP0A4dA
0,99,53,2,MCQCfEIPK_6oNzmfjwEXsA|AoW3nEk-N_ltgkpuTkemZg
18,61,53,2,jHk1OJi16n3BlO3LxkH8cw|IRF5JWf1dByxOwRxhz9Sbw
111,88,75,2,i6MPwHhpfLWP7VAqz3osRg|Kya7-ov8E4a6UiP5EbuO9w
19,26,71,2,6b8l-OvCaKx-EssvHkx7Gw|QxYHiuXphuP0pVGVdCYP8g
66,114,83,2,9AxWt9VSp1yg7dv5D62W5Q|ZZeW-9eJ-QjB2dpA1WKleg
61,107,27,2,lsM6KeDyLJqi5X1_sx2Biw|DJt7e6ID5I7Wvc4-Iu6ueQ
113,55,56,2,yVID1jUqQ5W3FoHF95D9DQ|Vxsq098z903XRXBq4IZWTw
85,75,89,2,VM2F3erGAXjaBFIz9TnMQQ|Hq2uJuRncYz51VsvMDG1BA
16,56,77,2,_RK29S6rmOUG8yahuHYpiQ|9m6GQp45QBEydlyE6DywCw
0,34,53,2,0F1WFFm8TJde117UZPbkfA|InawP3IfShNTJjSeLMDmGg
118,44,100,2,hKzMD-okmcr6gfGG85SptA|oqQNpDW3yy_LoHj0zNqCUw
63,110,29,2,IpUlqml-oz2Izby8Hsx-lg|MGKqN8FyfJEuxvlZHzsXRg
75,114,12,2,mDYwdadADWY4Ln5SZF10cg|U3L1vOwZwrqTyBDPxiyIJQ
74,38,94,2,aBIKSaj78U2HLQCH_vl-PA|Y8gU_q-bGqMP0uJgCgdiBA
104,20,30,2,s8fPo7SUAHCRal8uX9XLpQ|3x2-MlaERcq43sLy_TSfwQ
50,40,15,2,rHC2W65Y1JSvk7MCsEG1BA|apS8vfKEIs_DGXp9FrvvMw
3,38,94,2,Q5NVGN4Qd_VnyGDvAoPeiA|grwQ0HSdvZBSUPzHCijk6Q
109,107,36,2,OGQnCvnhqNCpWawUi9b21w|pWYk93WSXc5ffnyNWb-WfQ
91,56,115,2,qcguEeAMP0XwFLYqhwX2hg|TyhguONKc8i6M7wP09nTbA
38,2,107,2,nLW8d1ixMZDLxQ_wTu221Q|oZ9DSo4FCPcxE0bjgPRk5A
69,88,89,2,an5Ok0CXeY2fMnb9iH4taw|MFdZkWM-ebEBgaCOPSZJMg
31,34,36,2,PtbIGfw7zq2yJgE2oy4sDg|rh3c8tgPyPXD4vj7nC0TuQ
35,8,4,2,t6v8g8UeNiq3O2GoEc7R4Q|-FMI0_EhMjwXaAgHVGuG2Q
45,51,83,2,6ewV-e7-39oqYUq3yZuIyw|DzzVSYXadZ1_XgfGz_Loyw
125,101,21,2,dP6JIIOG0fVZV96JJCEwgQ|DJk8xrCvpN9MmG6mQbn0lQ
38,16,22,2,b3CpXg9UINn2FZC8CTHqFg|3wRG_Rpe_clXo67Nit5HUg
58,102,43,2,7zJ2m_b-VdThJ5zpnwXSOQ|35lEtLqA7K4gJm2hlyTcqg
63,58,7,2,hGeI6ICLbNHLuXAgJxjlFg|jcmJVfvefkVnx6h_idOazA
26,102,31,2,pAPDZLeZrgbgXdGPL7txUg|EXvPW0zO4lcR2T8OVdqbGw
89,1,28,2,IRVQ6INmgAvl2dXU5ChqWw|X3vdh9Dtyap9jqKdZrcKYw
6,44,50,2,60V8LH8ya-eentofqof1oQ|QlWXdAl0XYJHBN9aqqIMKg
103,21,115,2,L4kfcADLCU4T33i7Z0CkuA|sy7ADvpBA7SfHwbY-Y_5gw
51,102,101,2,2JhpJoS6Md9pqCxD5Uubhg|VlXdebuuVW_6mlhXXx0Kfg
113,1,34,2,1g9l21XtPm_t0erf_Tt4AA|KPgZ5EaJbZunG0d6ghXwFw
81,56,64,2,NgUst1ex3M2ibDzSb6Xkaw|GYFDgaBkWnxepHoyJ7mWAw
114,49,53,2,THdOD9iDjQIGwHp_kHwakw|TpE22_ITBg1ubzNVHE2MHQ
31,120,70,2,esDsSAVSPI_A5GxiF0at2w|Mn0_NGE7E3EniIqAnXcpcQ
118,16,30,2,hbitfyd9tJU3jinKxIHoAg|NCVrquxH879vjXIZ3tme4Q
35,48,110,2,KnXWxp0DO4043CyWAnAx9g|yrpbZJblFvKpXSMvj--WVQ
118,55,12,2,LRoqhFyj55o-45GnoeT09g|Tl05Hzo5HvxMXwEZ_pnRnQ
60,65,57,2,BZU9iLoVPeBzUlp1s8756A|oiiRk6q1FvcyWIejCWQhPA
104,117,60,2,vy0IlrE3Zl44HwxbsZhh2g|RsQchuSMtpq8SyKkZMkVWA
46,14,82,2,8NeQKx9kYZIQclGPj7ynoA|nZrWwvW6OAFJZx7-4amDug
72,116,14,2,Ddupo1zhmoct1yPFbF6ipQ|DIG_4Jkj7YxgK7vha3XO6A
66,114,113,2,AgcJCv6R9d40ByHZrDJ62A|zwgBxmrmPBF6N2uRTUYXrQ
71,103,51,2,Vbdk80DwTyrCYBoEIIyMGA|4HHMx7GSl8-C4XSuflVv0Q
63,78,107,2,0yN1rxCrEKqQIUk-nqyWVw|h4dbFTNOaK0IGdyOTXuu7w
48,100,59,2,xYm4-lEjgMkQWxrQLWXVpQ|zRLIbiUqmTDLxJUqugBO2w
103,50,56,2,NjD-V9pdH7_V8Y8PGl-csw|aXr74YWu67vUtWsbmICbag
26,65,23,2,i4tdAvYzezhRsH_WtVmDSg|xyEGv9slxSY_puWlB7L7jw
31,75,70,2,cSl9JEvF2LcE8HoyrjeH2g|cto1FXX2m3k0xFghDzqzCw
23,77,9,2,lUHztzYjhD743ZuOQvgyMg|iZ9fg8Dm3SsHa5BqXktGtw
48,38,65,2,J36em-jyd2inHyXC20jtXA|yQla4Xe9la_cSakoqS35XA
20,38,50,2,JC1p7xrsv5HhWPfh4fpt2g|_17mPclvO7AGufoCZoFuqQ
64,82,35,2,r8T7RHYAOjimXcORIdqUPQ|ELJABLYAI-bM8wYk5uSZBg
100,64,21,2,J8Qrh33-kpXQxju3boUfoA|g_qmBN6Ta_qQLLotb02EJQ
107,80,1,2,Ke6TIwYVKj44thWmLDw9mQ|jW3DYkTscWLXCNbwSjRVtg
123,48,100,2,D_jS6w2j1mFzb2KoYncCaA|arKiXax3ScSM_z3O-0CIyw
55,115,56,2,DKXeB-JIou5XPI49CzITuQ|jZxs7PDhUbhg4LWSFM4Z_A
89,57,33,2,X-ey4ntofcbx1zQnBCQQWQ|zCmdpK9TYREr3sO1QO6BCw
24,38,74,2,NQ01WqVX0tojNHKn-0sFww|cWu31txqrvLHMCUNdmnxfQ
120,100,28,2,jc6PRKXaOwQeKtQGXoG76Q|H_yVbOCHTEocWeXl6UXkIQ
46,87,117,2,sz6KGCGeD75rGRFZm5JkgA|BQnPRKxyevk7tnnkOGsVFw
67,94,86,2,x67huqR9qbjoodRBu3KWfg|rdTz0qIjmCub1LOUh31-8Q
7,80,32,2,eKRGSCTYtYO3ltC69jZrPQ|-XIkgyZ3Uk1-Jp3zBFuapQ
89,1,12,2,qqX8KlCbK6uWEe-6bVPa6w|5sGryBnSx35jx7rBbr_DnQ
8,122,51,2,cguva6es8rSJE1GorfQq9w|MpRXQzRJICsw7MQ9KHf5wA
66,51,63,2,or1JuxvK2kcrKvM2djYUEQ|7cpj7hjDTX5fb-6pYcZiGQ
94,111,28,2,jyiCIbGkuhxawoEBvZxUfA|HCIMrCc5OBJyTwicV_7GQw
39,38,12,2,sIznpP5wyo8foNJMGoQCHQ|DgZ9_AF79OJ-Qa3sV3lFsA
27,14,6,2,-XClcHTlMjH-PBqV2l_KXA|C6glRVRajUc-QGrsZhurAw
75,117,28,2,O823FiPDepbCKYo7w2uGAg|O0jIkgflIoU-PYNydIuMeQ
36,115,53,2,CcHbzM4bTBCHXe1YiAwAYA|TnwGFR_5ntHByM1VMD9etg
97,39,111,2,469cDiOBw6Hs0dUdFQrEmg|N8j1ONR4Fv1MrueBateDTQ
89,28,56,2,VVtDFxOn5NnjBryjo7RVEA|aoeurSB_Ivxj93TlGgU2vQ
118,28,28,2,c6tlkzg9aKA8aGHvBC9u1w|FlRWGkChmDpPOY-lTaEIWw
80,82,8,2,qP954Yf1Qa5Ckkw4RU6w7A|Q_pHfuSpVEIVfjJLUSTu3g
65,8,10,2,B-SiesU4hxIiL7rl7vzayA|RQAF6a0akMiot5lZZnMNNw
16,51,28,2,D_JgJY5V54i0EYOdTHmWlg|hOupS2QRNIuMLfcpOqC0oA
118,44,56,2,U0bLVXiFbYsWEURSSx3feg|3GvaJRiDGxzJzqoPX0xUeA
120,62,28,2,K_s-9Wd6vXSfnxYFzhE0Kw|5Qz7TJFXhm8Mjc8xzoSV5Q
66,8,29,2,i6DlLLxZ2iwQRxhUDx3TTg|0OsR9lO16jxa0xWUY57s9g
11,65,78,2,evSPTk8ghmt7lj9jGQR-Ow|Qt5UAOA9FiZr317dgU0hvg
24,38,110,2,6F-6mFFNw2YXN7lD_Gukcg|xWfm4AwLZr-B97fYVsIgCA
54,37,19,2,Ww8DBKYd-NSRMfDRuddrjA|htfwEs8RMX9S0xCDKK_UGg
94,111,12,2,wB1Tin0OW1JRpaKM-E3ZYA|1UNJeHTsS7WS9RxRzHw06g
64,104,121,2,sxDxM54lLvUNaya7o75b0w|hFW2yaGTHtZc6bbyP0lZdQ
81,115,83,2,mXCc-htrMH55gdaWF7wH2A|SPEXSaryxJmVpy8QoRz7Tg
37,103,93,2,s7y1DzPheW7UrOlLHNHpyQ|l2H2TDEpnAGSi9SG6evqww
79,74,19,2,rmbVGeRc6xel5blLNshuCw|XVOb98_fgOqL0-CVDOizng
90,109,6,2,fSpQlTHx27EDhUc_MmXG5Q|fbtGwXqVRp-3ywcpK4zxsQ
54,78,29,2,bSuADas9mTPxI2UUGR8PGg|m1fxjwh0aMbeL_A7XiOcAg
83,104,47,2,nxuvcr3611_uvr57ucI5hg|Q8vKIek2YD0MESa-9mttGw
14,35,26,2,Kf1M74ZpUJhESFTDl34Qmw|_CE0H6_o415IAk3laMrBjw
52,117,65,2,pxmBh8YZ6HLGQfNHvJoHzA|5AGVyIa1_XVUqXGbQXRmiQ
85,107,89,2,Ch2TWEHEGgab5Ec-Z_yM4g|D4nBEzrfPgblamQcCCUe8A
76,56,77,2,wuH4TPUo8oJo4E59xZKsNg|pxdliCtWkCuXW9uHYk8Y9w
19,26,88,2,OtQRB80tu4kHewypn6s0rg|JIepYkB28YEsV-WVzlhv7w
28,14,98,2,c4l3nCukNtMwOmxNtC3p2g|IjzcfMi8lQBN5-3CuYm5zQ
49,104,29,2,Jce6MfjcGJzWCrhDpqzP2Q|_SI5c972vgc9q4fQQ4CnhQ
92,48,21,2,pmXIwjsdAMjeW0xyPMRe1Q|JofztY500JID_vLJxtyVBw
76,111,100,2,bgxDswHIdFP0Go0pNfyAAw|M-7oMEiSskwElF4PRh5UKg
96,89,99,2,NuxizIKs6_4YJrWBjt-Apg|tdt-kHYKKigMWGGN6ynV2A
97,60,57,2,V_fRQ5GUSdoBGELhu0D00w|DTExHg2DLquVmrjjQrBEPQ
16,111,77,2,-hsR1sWeD9Vw_nh5Qym2fg|HWrG_7G3lN_0TR5b3N5YWw
124,51,72,2,7Zv6DTlcUZvBjmTic6oqTQ|2Wmvi5-7LS1iw5UkOuLWlw
75,13,28,2,FJl6LCHbqiM9mvSwDjFAjw|PgUoeGam08nCaLWJwrmrWQ
90,106,50,2,9wvOZ7ADt8gidMPg0i4wsQ|mRsn9zdXBzosvyDUnQZBcQ
120,53,110,2,a8lpo_f90MkG38-g6Dv6dw|hdBlIBo_iZozNTfhoG6tqQ
55,115,12,2,2hCJpE5I2OfEToUGcvdGRQ|v4GEm31U0iNmz7VrJiYirA
66,7,12,2,dyxO905efg4xDODf-FCzZA|h5jnFlvF55kDWC_GGlKMAQ
107,30,43,2,C_0iYuJI4uCVM-fC4AF7OA|7lauqWtIuFmDflN8e0dOxw
113,35,12,2,b0BEvP8q6y4TigPxigLDQA|b-xAMVoLqxw2WEm7EO_UvQ
13,31,50,2,7byebxnQrKk9bEwdp_HCWA|fbH6tCBIDYRARQSPNxJvmg
30,89,11,2,7o2Eb6zvYv-P2jHuHlTG_A|uYIZQTeTTMERbwEW9DDZGA
55,83,44,2,Tbc0uyY1O-Fc18FfTCDqIA|mhhCYSagskopFJNHlV5a9A
79,28,57,2,D6T7YvQlBSy6edaIdCLQUg|t9genPFreMXsZ-znukJHuw
76,100,110,2,bJJWjoYM8SMB9c4l1VKA1Q|PzAYUWwfZqUOoL863k1gMg
2,109,36,2,kw-MfMhHNzEw3RhTNz-wNw|X2HqRGkvkvagi3FMiXV27Q
83,33,117,2,p5pQ5PKXiEc4yLxsL4TsFA|etK5pTCprPuKJCtiU-iLKw
45,119,29,2,nFFCuRvcmvStV4Mwl6gFBg|j2AhQF5-dYGyJFbQd5t4aA
49,43,116,2,YnVSWZgrwvv6EHckS8fCYw|J6bDpaw9QQ3qqncfIK4StQ
31,70,36,2,llZMN2GpQKtz31-0xaA2Tg|cW5UGfBhu11rwhIK1vqbUg
8,82,83,2,JxRSBtTNuLULDfKI3YGQSA|t1IpUoqNpeBednKVwpx3pA
90,101,50,2,5CCWbCvlxPCX3kLSSFTfEA|BE02lUdypdL6JTByh1iTVg
55,96,7,2,0ievJ8EHvr1YjXA1_I-YUg|lFs4LIQn_kbsLozQzk-4Qg
39,40,99,2,wyDWf4-YO_CMgW3XiMMM4g|o_YAVGXNvuhO_1xmyxLmaQ
17,87,18,2,3QPAh9VvYNTnqAFgBeBcng|WTWhKHqkK_uwwSIFJK392g
25,28,56,2,CEnTv6oyopMJZHmC7QRgqA|linRzPvXlfNwBqBIHYNYcg
65,111,113,2,EhPoBZIeHCfrFPl3Rqcg-Q|9mA9qYqiv4c0T9ASid3PIQ
89,44,28,2,H0XGVaiFWuyYSz6WMIBJWg|rf_fD5vt0VIu6kQWl017Pg
33,85,26,2,ceHw5IvTMXThwG6Bi1L8lg|aEjrMEomGmmAe8fPCeTWog
117,103,10,2,m3yoaIO2ulbRs4kUX6GS9w|erObO9jRvqdnSY6uyeQTnQ
62,101,16,2,8YzDC_frEdRBv1CZfCpXjg|wSBOPm5hzdhvRsgIHxraJw
118,65,31,2,hs2ifqouFH_w-GJ39Oq_IA|-R3PWE4ycIc-xElcPqqetw
79,38,41,2,EBdpDhJb5QcdOd3rQn4GOw|l4MAy7LGeyVWm_GeFSx3cw
3,38,57,2,oikYO1xHeFwbLKi4EiRZag|Fb7xzuIkL8Bj_VMcn3H_7g
54,51,19,2,lh3ApskP-4XVdsQ-82792g|i6jA8vSHrP9LiUPHlqPVwA
81,117,122,2,R3FDYMQBrMpkUquwE-eniQ|17MK8qagV374AuUA4sXuIA
94,47,77,2,m_P0oMu3PVz5pGBKjYGl_A|_t9DLXruGEQMXKRuPRLehA
39,44,59,2,rfTMA-0we0qbNp3iBgGWTw|Eq1y1tLlpqmp3JpiJy0DTg
86,36,18,2,v30UfHgDVZJSjLriIwnh3w|Z4vlztrocJo9WWcL5TFeBA
123,115,10,2,xQblY1vBHV8Fp3Xdi3rDcw|AGlh4ZDv6jnoiYfz7At9mw
7,88,107,2,4r4B36aNolZKmMi8yZzUww|huXr3ate-syDAbBe7E-avw
74,97,115,2,k99d0o0T_qS8-oidI72nfA|4GDK7TSLy_L_kcJwmDxZGw
13,113,23,2,Z2eNK-urdPVr0a1n0TSz3A|QxyWLkrSWzedD8eU0zj3cA
25,1,56,2,NXL_hNxPiuarSRhNK2Qm6w|KLMmtgxOWBVdF92g2xsABA
112,21,28,2,EmQQkn-kdK3bZI1cpHRQyA|BDUwup1sk3E28DcKB5NPMA
42,2,60,2,iPSPcprSnkLOuL1Ns8UZZA|wlmddk9BEW3dnxuaFwwjaw
120,41,117,2,3BJxm-HnvzdwD1zjmSbmyQ|PJjkH_VZeQwxEJvlQ-v7wA
116,30,12,2,YWlbmf70DcaPh6FGnuZhkA|l-bq-D1Nye5PLvh4md8SWg
89,28,31,2,reY1jB3RJ5FZiK1Nx6szYA|AkndFhP_KwsZ3w6gchaAXw
1,55,43,2,aEYewUCI6hHyKOUzXcWLTw|VENNs0SdMEh0JihNsgu0_w
38,28,50,2,ONUZertKOOImiyQG66Z7Tg|EnXcMavajj6xV0K67NKSeQ
37,64,122,2,f8bCVRQuvK28MxTuXMCh_g|Mc8ktBCT4Y25jIP5DGZFtA
121,89,31,2,k7odrCRmLQeoWQev1_MveQ|20DL03rDdw1R2mSH4ORVJA
96,38,15,2,UsS0kw-8FV4iBbohrP4v7g|OXkiDUEj0wv17xOsUf6rLA
28,55,56,2,WMVmyCFzxJQOTxPWwo2ukQ|7QhxQrhqVJYo8JvPUGFD4A
75,10,100,2,1CCG0WYSoR8ejdgD5-Gaqg|6ajnOk0GcY9xbb5Ocaw8Gw
59,100,21,2,mbYy1yP9e8BLh-blFviOSQ|szdH65mQam5lNncCfJLUwA
71,40,48,2,qAtqgUcGrwv6yHatMb2w0Q|N11PPHgx_XABZjfEG5mspg
43,114,121,2,z1TyupB3dqGlAfijPyGryA|WdW_rka38TeVxhh2F3nBew
111,80,57,2,nW5pVwaq1caliZ5Co1jQmQ|OnJVmUnu6ZoaA2X4K863wQ
115,100,19,2,Aiu1Tm13sMXRAGRYFZ0MUA|jQnhYqA4jykPPdkyOFM4Lg
36,100,53,2,fBxjd0SqSJezssqC9zJCOQ|73iEGnaQuHDMS51UAqP8ZA
80,40,56,2,2RD8rGGlx_HZnu179IJiDg|2gbiwt06lPGhaCCeQcmHKQ
94,21,56,2,eJaeTZlIdM3HWCq__Ve4Wg|hh6t95hiS-RqRt6bEz1SPw
6,97,19,2,-wkXI95IPxvIJhq2kaeskA|33mZJBSmODz6LP0q0OB7qQ
81,50,29,2,GRRMLWCU388_tfvpKYOM9w|k6xc8FiZp2hppWcQJzNVpQ
100,119,84,2,fz9ymU6xguSAdVjSdHBLDg|t2vxEpIP8ntB4OBHrNAcVw
109,107,32,2,XGb-h8G8TjDKyxOjuoEZqA|nETjr7I6hMWDmNQbzeamRg
105,89,21,2,ZijcWgADCYVwLOOGPkd3tw|gzJBT0Bc5Ffyj1o4cKb1aA
100,125,65,2,foh6hwQxjCs0SeLT5MO1SQ|CXC1QLCiF7eTyP8_4JVuKg
59,100,45,2,SJiPVACkEd6S0v3YrWLTdg|TqCOt7qlUjH-0EGBs258RQ
101,36,121,2,U4hibwdvk2pACJeo6FaoIA|pM1M2A14mNXz48KCcQtz2w
119,120,26,2,yZP6Z8sbDpkeXyjNMDiyDg|RPjJzbiIedTvwyie7Ejl-Q
103,48,117,2,7M4acncueqDznH9AwgPjeg|QfBSk7-AyvvGRyHC0ddiGA
105,26,121,2,-2xzyHY8uWnLmyQkkfwMuQ|lMo-DYKFYipOhTwYYQ4fXw
25,36,57,2,z7G7-VekRUjGvSu3w05Dkw|nA4by92WDrSbxooQOe5rMQ
87,117,43,2,or_WcjWELDsssk2JruvJcg|GaPP9IECXksFDYGoSX1Wvw
50,44,45,2,06z3o3yL4ditpwjINSA39Q|_k4vMisS6eCmp9hrvVArIQ
35,111,42,2,xW6nJmGqY-lq4i0xKtBMCg|S9IFCU4FKCqEriV1Rr2ZcA
101,65,3,2,bbjufor5MuV4IVe1FBhmmQ|VQhU-E5-EbW4rfMs5QKANQ
27,117,56,2,CJNU0cYlSJVg07IVOc-ayg|blmEheu3d9tjZ5PPDdrFCQ
15,56,71,2,eoj3iAmpgbRIi56yxcTQxA|CNVC7kz8xTaRMOiE7XdEQw
107,26,31,2,Ps05fcj2yu0JjGBZ4FJpLw|HK6Iew4GgRzV6A5zO2OXjw
59,79,110,2,uj5QvIphe4ZWHBTCJRVkaQ|dQz8GzXDTllj0XT3HVkYbg
38,44,23,2,qKEmQbAUTBkbDLl-XfhIyg|R8Yy-Abycqdnnyi7wbw8hA
109,107,107,2,kR4tXc1fLeR2QNu8cMZrEg|-54X2p-t4_toIoem4k_SvA
67,40,4,2,SfBjoyCcKewPpTWkNR8t8w|kdY9pcvJ-GAMfuZPeSsImA
39,55,42,2,L8oJ1bakGgvpGk958EKSyg|0lcyi1tnVldDB8rxKraZSQ
33,52,30,2,yeYJPFkAg6hiqCuQo8hZGA|8J-vUGThbFqCxQhrcqP0CQ
46,20,99,2,LQIoQ4ZOXFg2iCb529b_Cg|r7Qy5_hyaubznXyzDCR27w
90,31,50,2,yooufdsf3eAVq_9RQNSDJA|zy_g2wKTNIB7EQdG73_Xaw
95,99,56,2,jdS7c64M1h17_I_8Hnq5fA|bdqfARL8x5EGK6IKPEdVQQ
42,26,43,2,RGjIJd0AMKbXoFoLqaP4zA|cgSDm2SJONSeXBED2r-cGg
64,103,21,2,PC0z5dgURsstoS0-APO4qA|kKzKpNLm74kGC9UP4lVRdg
40,16,28,2,oeoprMH0TwckGNCW_L-f_w|7NmBWvzUguU4RgvojAd4hg
29,106,81,2,bpwkHOQ_eMqO8SQovyK8qA|wt3g7C34-PMjf54C0B4MGw
94,21,12,2,D64SJopgUAeXY_l7tX8klg|efxiiiwXpF2pEsCfgeQc8g
103,111,45,2,05ev984NYfimRN0UiFrxaA|mUdjeVjdsiOQMBK41x0Bow
0,102,14,2,11HXgzo47w5e5pziFXpTNg|ofjC1sFI2_r-pAvejek0JA
109,58,86,2,znr5iGWOnCxgmZ8DJ-hEqQ|_zTCeJDF00ssmvBUMY9sKA
0,39,99,2,rkjrt-VYxSkJWqYTOz_KFQ|ZSO7isM9z-BkHP0kyE7Tzg
38,1,28,2,7eAV11sG1PVlbtlfyuO_dQ|dnGCBJ4ZughipTqmuh5xQw
98,54,45,2,PR5JX3znD2FJuXgSjDh05w|FVxo6PKyPgy5C9iOY_s9eQ
66,21,113,2,7mpYTDb24SywNMRn3yeakQ|LkasU7-347mpSm3erAQHyA
40,50,41,2,0WIlsDUUFuUKcDfJPaHRkA|yj6Z7KRusjHAj3osvhrxsw
79,74,22,2,_Q-LbdtbUdP7uQuQ5CNjgg|PPVPsVsPGii4xs5trp8LcA
103,13,77,2,ulfMNXHzGVleRf2U5KwiQQ|kK1re49IK3jmCYTL6B6_lw
102,13,115,2,sg4zySgp0Al1WNk-JhTbHQ|W5Xn1-IYuMf_0ZimpRs_LA
59,66,59,2,epemZhgcKNa8X2kKUpEFow|_f6Nt2ANNIkemPuA_QnsmA
120,111,115,2,bchZXVE4feVx4Q5rhIRCGg|t6g6Lj8WzjIXXucCl9jdTQ
17,65,88,2,lblNWQhLiwQXplmAtR0Jcg|fMwsP6V-osjd2icB6kkSGQ
64,24,6,2,ZfTKaJXHHA7YAKUGeEIcYw|h22TVwTYENne7QPKz0lxHg
16,8,59,2,W5e4UAY9PoE3ydedIcc5GA|jK14ZI9sfjOsWcPrCOQBcQ
30,44,12,2,l4cjS8wCQxqfsujYVW6xCw|Kw94tchxjpDMF1ZnYWK7Iw
37,79,53,2,IyIZSTVm6tTt5AhAz1sX7A|XU6LMxNMSw8ICWPcySyXCg
92,8,64,2,CPgWuWGZ4v2sZr5_-1kluw|BsR5RIMJB5P9f0-SDMZHYg
36,79,89,2,0dzW328vFS78FjYMA62tRg|_MWECHurycXN4TW4rQSJNA
81,53,56,2,tyDEseGSr6NIsk7S63uMqA|i_FWONQD1ZBqrNE2b-M5Ug
50,108,19,2,juBH0j95bJVWs642WFCe-A|fbnFSTmZwct_YXnr5u2bRg
4,28,100,2,PxEjGVKN2FqsDI7NYYn6kg|n39G9yntG2OZFQOZfq6s-A
98,54,19,2,svSfJCqhRqDxbIPyEMCl8w|TpW2PPipD_Eq6csy8s2RSg
46,117,115,2,mlgewa5y_a_AxVTamXGemA|5sftmmjQ6Ln94-qQuGfmww
75,48,113,2,PdMXmOWDRHICAx6SLgu1dQ|aa8dyLuupbMRyexfCRiLIQ
0,92,16,2,-D_3emciINpjvYXsHCf8OA|s7GZ95hHqmr9WreRU62iBQ
23,48,113,2,_k1CIuPkY-uLFm8lABFG8Q|2hCIzMXhSbgObLS4al82rg
17,101,56,2,kM0CewxK3Ize1SF92bfJYQ|toEYTrafM81UMo2GyCSxFw
104,38,57,2,at8csgaR7Vg9woCNt2J8Aw|B1QQDY9iurUk_YSAjX2kKg
103,10,83,2,UIlrtflU_DOagc4YyrQ2Uw|KVFUBgmPEHGUaJNkpMGcLw
100,37,65,2,WVNw5jRXmaJdP1_r-gN8XA|GKohndn_sMk2nWCh1jkAfg
101,49,121,2,zMLA0-Qd9_4nHvovBaAMzQ|s2J1lRgd4CagG4TjTUYQhA
38,55,28,2,-1yt2mk60wWuQz9hPVKZCA|9Ebckj6z0EdXxDVcMfz_SA
118,85,83,2,v2UmYZ1rPT48IroaD0xZAQ|jz_2B9gw8Ho18ZJmi-iyRw
38,52,23,2,z7sp6u5JnNlq2ziu31EFvw|A2Jizi4-CZufW1ozFB-oWA
48,105,77,2,u-xGrOvBv1bxtpAHk-SZ5w|86BkHfhvm7pVTMUSyJlttQ
0,51,96,2,8qr1cXhqYGOXFNStgcMvhw|FOTp2JNMj0_SuDSPKYhixQ
75,21,100,2,YDisPepPeWeELiVGycxOlw|TbjqvdrSBm27arbKbReRfg
27,18,100,2,DLM7E6lrW-zpM10RJ4fAeg|eE5rsErCgdkqBe5FnWn6oA
103,10,63,2,mNWHsi3VipOX9voWrSC5ew|v_LOlXjMbIwqUbK96Nj14w
48,61,19,2,8ohaL9a02bWZDxOxfZCTxw|c3a5La0D2L51qXVE7DIJLg
45,56,19,2,JPfe9B-RLrE5Nz75kcKImQ|oHR6VtJaFg2rBSFvoEWqrg
116,65,107,2,ist795rpy3gzWVbfrvU-Yg|gLCGnjz8KQrBjxAoMm3ICw
48,100,12,2,JomDoQafikclSVVCPkWjnA|toMVWIsPJmS7-LiLAf2AfA
113,55,57,2,LvFmVnPSbi0lmgpcK_qw-Q|qTb5bEgZdrwx2A3mNVK5mg
103,115,120,2,gEX_kEhYgvLKGJtlY45BmQ|kqBLD5rueekc26t2HLI4AQ
108,17,83,2,XPOdKREKlB8uvsMMKNY_7w|rEAZzCiwOd-zEfN-4thlbw
125,105,121,2,x7R0FReViemWjQO581WI5A|1cCqCwtRVMKUwBXjkXJE1w
93,101,56,2,AGR4G6RCCjzmtVk0xjLTrg|xxwFeRxm6SYJcWvAPWqB5w
79,105,12,2,7wzU75S05xSPVIk5Bht9-Q|WiRRE0xFhZ_WQdxe_hnQdQ
60,81,12,2,CqpbkSMqjeJrtc_3uC-z0A|vKPXJCvlFvQWOx3-zNaehg
67,65,42,2,NRPOcKaY5e-Oq0iQnDWvbA|3zuwbMR9AjSUVKjTsLbtgA
81,62,29,2,p1257iwsyKj00D_145O03w|HDGTOksawKXEPeoCUrH96g
82,7,110,2,ZCzLoEwGR7M1sNxgHmlP0w|ARWccWepHrbNKUMI7M0UZA
104,105,79,2,uX2TOURTQP1RshDcGyiIPA|tXPqXn7pUCPyXJ055woDkg
85,124,28,2,oq8DOqkwLhVCziSjJTFSxg|8dNfGGEffaWxGBAfHuKrNQ
76,78,120,2,MtxqtQqnNmvCNT7K9JVQQA|0ZQVSAC4uwZR1JXmDrh9CQ
90,88,19,2,EraDGJAHjf5IaA9VBGepfg|wzyuBcu40tA3m541Pv0d3g
72,41,53,2,L_sXNadtVHjxMw7Yhvkj9Q|qY-BUQY-SFBaSrFHowF3nA
2,88,107,2,vEeUKQu1R6TgMJb9preNGw|QbNvi4NDzGSle2Wsp8Bwyw
45,8,19,2,m82r1MXvzm7dI0DF0kWURA|bIQSx2fiHMq0IgmUo4C8QQ
50,40,111,2,0qcm4F3ejr-Q1B5M39rgUA|m18Iy9ZOZWXA6qvYs65M6A
28,106,34,2,Nf-rUXQXT8EycSA_TkQsXg|ezx3NdQHaCAxmtRje5sz9Q
39,55,83,2,pWs4GHia64vlaqZADDUXOA|KU3Elc91d2M3tkzcDN5tAA
106,7,17,2,8_O6LXLyMgpq1g9CIwcW4w|dBRWKIS7h-qZCi8EjUJ2HA
18,13,72,2,PvT44WlqJLkUrCITo6AjRA|jIzN5atQRz9OIeYO-Lx4mw
30,26,100,2,Pxrs5aY7xORQKTzT-Z6nww|EPs_rI2_l5C3-iXTGcR9Vg
1,57,12,2,akt1rURvNVAI9sfQfr-5lg|hAn4LQqalVYuPYuZJx5diA
85,118,68,2,xb-qtXVZ7xFr51Se5fAZjg|xAfYjdlOdDU0Q5SkHU7Q2Q
85,75,1,2,e_DEJRat3uoUO1N6WXKHyw|nih5mVWTsFbkHIb9KVNGiA
113,55,96,2,d_FmnBZFb6o_1mFZhIRM_Q|JUyqzjxF6dSJTB8uhc5e1Q
85,46,34,2,24yg4Hvws9orB2Y718d9gw|C0NSUnH2ZtKtWBuD88aEsA
107,88,98,2,h8GOCnAyDZosRfUmW8fe3Q|DRiI7iYr1UNbA8WXDBcv_g
85,113,82,2,n30JyruJKfbIeSReuYQloQ|_L6F7nbjVNTPDUjl94b_eA
79,38,33,2,xDLoMSXpK5ZQUh6WJ1PZLg|9pUT5B18PBcttMGJeLQwyg
21,43,50,2,aTOCTSi1GwigOEcqOKRwFg|wd1AqgQQdeoMCMEwvvs4ow
72,92,7,2,9ZfznUSTt7f_HHHJw82qZA|EaBgGhjd8rB9KVvCXKaiAw
105,44,21,2,X46tKBT7vTEGeaYj6GkZ-g|6IZTPy1g5ez3SCbKgKWwkA
1,89,96,2,Tsd-LaqqT31JYE6AyUAcwA|KAwfsEOOS_mW6xfRFEuijg
59,8,45,2,ug46LQ5eq0uF6NE3adHhyw|p9Dd6AjOawHGGzcUntYr-A
103,48,12,2,NjSLlXCI9s_I2yCgPLBb0A|4d8p7qsNfWOxUxmjNXR5YQ
35,31,65,2,YuYvesXrRf1PSp37a5IwUw|HzKZlWwxEGgGjCL7M1Kacg
24,105,12,2,68ThEdiK0eWCEgGEmV9Tng|geEGL5YODdRIoIYfFcxVPA
38,16,42,2,gp_4Nl5ZhlsIobjIn1sF2Q|U6gikR4uhRl4zU8q3j02oA
81,56,83,2,Bw0cpnfI-Y9QmjWzqS-oFg|q1VOESxR99qJvpubnNxyJQ
64,33,100,2,9c1p8TTOG_F55i3yEiVVDQ|a-dPw0ISYHoxMmWgd4mK-g
34,126,20,2,vg3JmN8hAiOV1suoxTi1yA|Eni8nf_49XDbzEmaaCOQjw
101,36,14,2,PLCkzbVa1JXpc87SoHiOgQ|mK5gu18whrKEG8aojSzpbA
68,101,42,2,E9oGqbo7KWr_NKZTsmzqaQ|AItk5AvCyEg65LZMuhj8Vg
28,30,100,2,yrei1_Hm8C7-z0KmmxsD8Q|O05f0Mlc_F5YyBPHoWOFdg
114,38,0,2,DTyeAYLV9YCc4mG5XTorTA|FwvK-Xyi11yDeYmqmL6uSw
40,97,28,2,iLSA0YCeg50DD0kc7D6srg|uR1U7vHyaIbq0u4aNHx6Hg
31,103,70,2,LQRXcBw2b2licjzJh1GG5w|jsL0EmA3k75npcRvleq2VA
19,40,1,2,vzj9FLQwxNpQfy_24C8mxA|q0SDTH2aS9Dk5xlgU51nAQ
66,10,63,2,Ryt1Fhgz7sixMQSJiLyP_g|7pe_s16qSxYytikyOgrzxQ
4,26,100,2,frU7PIVtEl2bt_BCERpGDA|zsZXZvnQKG3oXw4h7UA_og
15,95,110,2,rpbACUkHJYSnvP6s0myyLg|8ZhC29t_mepcAQ4OlN15NQ
13,102,12,2,utfAinp69NM4FLHShmxGtQ|grrvhDzHz6qdMayLVgSkrQ
30,89,21,2,Kq2b7UTDJnk_luBRwa5LiA|OQqBFuA5tcxdHog8YgMRcQ
29,24,21,2,XBwxCXPE8MX1aMs-zT1-Fg|yDS1XXAx43eHuONEy0SS4g
92,111,16,2,q-zV08jt6U-q05SMEuQJAQ|QJcjW79f5k_HLg5_KgjUtg
10,15,116,2,5aKoh1_j9X27L1P9X9dzgA|h696v2N0hcOOdsg1ebt5Ig
36,4,8,2,voI5HNsL96_s5vlCpa-Q-A|LzqUA4TiUOPVKMoa_y5k0A
65,123,110,2,2f6NaQVGTM59OGvsdT9pxg|YcjTnHvyt_oMkfk5FAg8nQ
63,64,7,2,XtQy3KXNigh0iGLh4Am3jA|cIkpsNhuUVbdMt5HNwtpAA
121,66,75,2,fx-U1NC-HJlZ2In5UJiwNQ|Y6ML0aSyZilx1VXYRrl7qA
90,109,43,2,XZN4nllA4qMdXVHy_-nqHg|o6tzQpQ0fdchmDMbtupiNg
35,105,100,2,I4Szupt_YHzR9dczcNzfeA|kC6C9mqUq_hMUYZZ-5kKWA
52,121,121,2,hxPnlWZmirx7neooZykmtg|24xx8ju_U_uN1zJf2YtKkA
41,22,94,2,U8GIloQDPVLV5JH3NjeUcA|FmiF5GwSlG0tiZnmGa0Hvw
22,22,42,2,Avfv07Auf3pa6qIrpKtx-Q|cfD04ABSXGeOMkpCIS2Hog
96,38,82,2,YDRFEj2R9Ua-c0j46HCTPQ|HRdeb1f2JYk13-VkXKeeww
67,40,96,2,udtnLd8JxGcGPPT6qxzNgw|uDd4gRtYBEgAVmahTHKVWg
46,87,29,2,m51s9JNDyR_VnYy7EWxgcA|CT2QgcDyqc5EmJ4HT18uSQ
4,36,30,2,hct3rFcG5YtBwAYpfHhlug|mY-f_wX09rcopQczhHkGyw
28,87,12,2,JD819tYQ7ApQXgCETtzsIw|VEoqI5nI1lj56SVUvhufuA
68,101,100,2,QbJXsdhbZ8HQqjCpb76_FQ|yjVqm4shWfOriY8wakOB5Q
115,37,19,2,9Vn3m5EafV-Oc69DkPyt3A|ib9i3cSQ-ZwWSI9dH9JeSA
91,100,59,2,YBjFuFJXKBKdsxx2TlQVPw|DKRssfE83bAnqHvwXK5DqA
1,57,30,2,Ye0slMJ56gXMZChM9mU6QA|cu-s8VMSSUKPosPS9ktGaw
31,75,36,2,rhpvLGLQ0QEnyhvXkYSEOw|TqIPgo46IMThaetgoXruKw
100,100,96,2,-c7kNz3HjL3xc0LNBkTM8w|8ueey6KW9crymWsjjFLr8w
66,7,113,2,HUVLNeBs32cInBZVFS90RA|-v8dtO9BZmKidXLMohiQhQ
97,60,115,2,auR1RNlfPQHmnfARtTM88A|RRBfknV8ycDFdT5JwTGutA
82,62,110,2,aNIqkFQYtBieV7NX3343ag|4mygX8lbSgi8Et7Dl2F37g
76,13,110,2,47TOmOqMxeyUSpYoLKqTsA|oDKGXVSQfegQt1QU9KLiJA
41,59,44,2,-Xbd9fxhkZtKVmIUi7me1Q|sXVPF8-hZ6k8zK2d1O6hNQ
45,115,83,2,e4InIycH2PAJWccBBj0tAA|j5IsoB-xT1Kqp8yQjQnaXA
79,105,96,2,OAhBYw8IQ6wlfw1owXWRWw|ExD3yBY3iJQ0zs-0BhGwIg
24,67,19,2,XixKy4AoVb-sAljtEeKALw|JQyF_uBfOKxO90FAehrTKA
33,54,26,2,Sv1VsMRwedFaRgodPlmBVA|wjM_MV5wAXaryDJ4QwL8zw
57,101,100,2,oUcqQ_WgA2kZtHfa1Vu2Ug|XfffEIx41cPIP7lgGitJdQ
80,40,96,2,5DxlRmOL5kpE-j-uipAADw|M3e2tb_biSJJzI71Mpq5Ig
92,61,44,2,jM9eNs-zXQ9iPpKskv2kgA|y03BVJQmKIVvIuM0rePobw
38,26,23,2,Qwh4zJr8iRvkkv_ti-AZpg|LPZz_elCEcTTBokuQWDWcg
6,106,50,2,96752mk7VlAUtWg8o02Tvw|0dGldeEVtqx8CG1XdygmAQ
74,106,57,2,5tvwM1Jk1jwJYoErwv3NTw|SjqQq0vHnrwPE1YEj_UJiA
10,82,36,2,U9gATBSpddPuqZdfhYOaUQ|UTVvCIMgSAbUx2stCRAJzQ
45,23,29,2,TE2IEDNV0RcI6s1wTOP4fg|GSw55M0Aq9D_78Ot8J51BQ
66,56,19,2,NFzfuIFghE-HnrodHpaT6A|RSKvB-XntkiDnMqYqAmtKw
92,43,100,2,vWKTTbYHSi2tGA6hksCRkA|tMtI6ECD6hwM-nFp2kXLKQ
71,40,116,2,pxBNs2YkBIdMo9w8UVBrYw|stjNpLZW_Tp60UqXqN21aQ
69,24,89,2,A5cw-8WUxVw8f11_gmCzEQ|SSo_kSAbaLtOMhSa2jneXw
76,10,81,2,VC7VTddnZmY6RQoLQd_49A|LizaSXXtaPjbxGtwo_rw9Q
24,105,113,2,iWy6Wft0MMO9Ud2wM93frg|1Ck2drCXGh1h5bhc9aIRpg
59,53,53,2,lwN9FutfBq81GnGWhj5Mng|y4wHN6CBd0se-QNwMdSM0A
116,74,9,2,hkk0wHfD55HIjN8qVSRSAw|UaNxDs-H5vfSQ732qxNnlw
41,106,71,2,filUIMLq2pzauy_ew63LPw|-cvHG83A7-kepbveSr4HYg
118,30,31,2,MUYjCWUYgEBAXyI8MZhUww|0WoBBx-XzFD2wET6lJKVKw
26,38,50,2,5E9nyAMrRUPzHL-kTPXvGw|oZ6TD3rkhTjzBKrN3FnLhw
30,1,21,2,1k3SQfqkQHzaDihUBG2_og|leS4Eu2704iYEF_QvJhYzg
50,40,41,2,55GNarL5MuVzJEslW7QjbA|66Lwl-YanL2TvHZc0mu6fw
38,44,98,2,2oNlM0ANjE8JB0jEwY-mtw|0kUdO-fSYai9pVaRFrFCeQ
60,101,18,2,s1PNBO9o5jIgNd5YWUDLXQ|n4Ns3xLRhpkRwglwiQGKVA
76,51,100,2,GOSVLhjUT6TnrPhkkmDOpw|JwKs0t30KXFg1B-Pnm5FKA
4,117,56,2,WWEx8kEEjzV3mFu1dYfwAA|Mol3iXxtmhq8QEo2346pWQ
65,111,10,2,e0M-5mblsuda0syws5R68g|pP_jeWrWq-lvMitmkM2Gkw
54,51,77,2,7NwFNLC0SwX1SwQYlfF5yw|K0lttiVfWWP1u5JmsVp4cA
68,7,75,2,NAGWNngVeVKkMO-EFxYxdA|0OVkfxmZg637nt-A5URM2Q
92,43,87,2,uflDYdHGrCawgr1JSQ7Ypw|DgF4_72z6UkiGxtPnSJCfg
6,16,57,2,Q_BBW768Hye7hUGeyXNh_w|X4ADd5nru1D90MLy_sx_bQ
6,105,9,2,l2OaoGE9USD7oNZbI28u3Q|VDJrE9enDtjbzhr6vCRI1Q
52,117,56,2,YzluF3FNGjnW-tOrLZt8JA|Ipkx4Sa7ybn8C6LtTqTztw
84,27,113,2,6w6wDhgTzteP1tCBvK6fnw|JxKgwQUWG-RUNklb-ZJgSQ
68,106,19,2,PRGH_6VxMfCyp3UmKiTEHg|jdzJrYiK58yCmspyf5czBA
38,30,23,2,TZtgKWH9dNRc8aP7D1IBIg|HNC6Nvp_rza7AhsXrFdENA
91,50,77,2,GWqPmrWu0kXB_-gB1H-j6A|pORvWLJb_ioqIrNo-yacfw
125,12,121,2,dwOsLnuXq2RthkEN9m3lAw|mkMW_zDdyXdHe_OSiwutwg
19,92,46,2,z22MXGNyk8L2rOp0213cWA|TTgpKmTSJs1w60DJkWlLWw
122,21,53,2,p1Y_oc_E32JfTN-ukqOU0Q|kr6FpW5rMNp_OX8Ha4j0Fw
76,111,59,2,Fay6yoOC6iitEt3QLkrcMQ|I1H5s9cVCGh1nH-4bhsSDA
94,38,65,2,h2kkHQGhtVuFvMBlMY8NLw|jYFMSF-AyKrvLPWMW6l5JQ
85,126,89,2,kOHcpCZQd4uNp6G2uE8o2A|cvwYlbvxGOtNNNds_r409w
80,57,3,2,HUI4BzH9yfLB6PXnwgUX-A|w9yjK_llCIvSPkEsx9qJrA
30,104,82,2,vWrudsXK0uIDHDsJymRPaQ|PYwg-L7NTT7Opi-jLupeRw
24,121,60,2,CL1kpAsyhhb19w0aWDOLuw|mQtH3YlGXdmxvsZ9y77YAA
123,56,113,2,ZNWox30LIv7hV5k5YP8tCQ|EhotxJEJxpMgCJ0F82Buvg
74,117,66,2,M1aBxVnAkqJxSp9Mx_5VYw|8CSTxca6S_c6nr4z_tY0bQ
35,105,12,2,c8rjE6NcfeyzLB_aU1GdMA|ePs4Z_Nqsm5-kQk_hAp2Dg
48,83,77,2,BO4L5vmX7pwwiQiIz7QbsQ|8JSUpnzIRstdC4VnOrHGXA
49,103,57,2,-LmhsdQproqCf5EQoD06rQ|6yUwIic-obMfUiPBDDkTkw
1,35,66,2,JXXLweAoAOBP6UtmFQe1lQ|h2Xj9MEYcffZi8h8A-SRgg
113,89,96,2,8vssmQoUriFOtv1dmzAekA|KB3I1jQFeJqCHhVHY7TieQ
126,105,102,2,8do5XP-TDtTG4rnJgDZ4FA|E7U4a5XlMpO6l90ruuypQg
30,30,28,2,DP01l73-ZinNADAv14rfww|qPBf1UrJeuMNy2EvBlGThg
117,66,77,2,0yNUjszQ0kOphvZs_kvvqA|ulr3YRJDkSJ36tEQrSgUng
33,28,12,2,gDg-stv1rn0I_AyELp2zNg|p6BHu9wwWTWpVgGcnZOQqA
76,111,12,2,O6hY9yenifuRXrpc4TfgsQ|KYPhGJIibu_7ePIX4HNs6A
81,7,56,2,fivoAD6x6jXJRiEZwhpcEQ|kzy0Kf7z1ucbL2sVbfAFsg
35,117,12,2,fdfMYT67xUYY2IqCEnIS2A|eQHk2EMRtkYZR6DH-xGQhA
45,32,37,2,ZynowAYBV6-mBBJb7dWN8w|ZXXCgGKY1z1An65yvAQ5dw
66,48,63,2,9Qe5ib0bCgRITjYn-iA-Bg|BPBTCvmUfRnEH6yyABzOzA
108,98,18,2,gzFn31AFVSsEqU1_mGKppQ|eaUSPTynZkTg3qj_drNxPQ
77,62,42,2,wMSpjI-SmWlhdOyU4vOs7g|MaGuDXpMlv3NhsR2XXNRBg
103,10,100,2,UaovDcnP0QzsmGf6vXvg9w|F_ker4jxFkcvfZQf-MDfJA
26,54,19,2,26Zx69vOllucV5OsHXst9A|99Q1CH0ZUvoz2yMXFFJMyw
100,86,110,2,nP4LqTcK1USiw5WnbOjW7A|nnWPSAuwbfnKRVVJmd6www
23,115,58,2,oQ1RYrpB4Vf821L-LXg-eQ|-Ah-gbZpa-IiQVIrhKRhhA
45,41,65,2,UQZ4p6xb_7gY7UXHmBzceg|KxccJ1WW9J-I7TxHQazA_Q
85,108,8,2,a91aP-mBmKnsEPAIKU3-OQ|OzX1w8NLyJtqs-nvnNX77Q
32,31,42,2,jZNH8L77UKb68bTniUoo_g|P6DuASe2aZmNSKm1MR9PEw
99,115,91,2,zuEdIZKAYBDfPjyFg6B34Q|SYt5vLiLkNCkYfN5CCqVFg
67,36,30,2,iTG7S72m4PYnK5OL7CgSaQ|9mq0Ru2xiXrI_A1gxcRB-g
1,28,42,2,ZjY66xNmxOtrSJPgXpleYw|vTu1LveMWZVjXlMzFvg_-w
17,1,14,2,EneM1oBFxncaR1nQCD3gYA|XG72Wuz7oWwgqM7ir3kpuA
32,80,8,2,95zCLYe9zas0wJpBHZfpcA|aef15zOlJL9po5fzaVekGA
69,80,15,2,kgkgKLxZOGwtTSzyo8wRSQ|HeSOeHKVNoHFWWComKEKcA
113,36,3,2,dX8dnwxVTpUvHXHlOXjgcw|ljRFZy8ZeRnNkTMm3Ssjqw
76,79,120,2,1hiDEOPijnrWhDdx1z1yAQ|u48EHQFGHF5FwDTqAFXVwQ
15,83,58,2,gujO7uy-VeqqEj9eNxSXIg|oLi0Av7zJycNUVfXTRe8NQ
89,85,28,2,zdvUHIeAQrDcTWNT7GWsmA|OjCC8UauCM9UqOejP2Xt8g
116,44,12,2,U2VoQtxyKir6HME18yDMuA|WzAi9U3CdzsVnvdhKaqb8A
119,118,54,2,mO_QmDdeC3mXzd1EVvL-JQ|bh60ZTqnciiH3FlTUJ-6iw
66,114,12,2,JTA1jw-qSYbcoGz1QFsv4w|5IL3rTT-_LHyvVJRVNKxaQ
31,62,55,2,EmIrNcZkTUF3mhoWQAT6Bg|GsLg3ZOgxxYoMMK9vlDtzA
20,60,6,2,PCttOP46zDnd7ar9aa2-aw|lgC1gyLBWD6yEU64ozwZJA
75,123,100,2,BryQISFnkCdcJET-tpAx3w|td_BI5T5qP01T5QfD4j3Sg
107,88,82,2,euNJ-Jp966Lfw49QPyDVkQ|4PS-LXxGPlNM24Hmt4a4nw
81,7,83,2,hNlvlGJsTXLJxeJ4RPsaeA|lSZEa0IsVPWCT6Ym9NF6jw
34,77,20,2,2oO6flZBT-GIJpN50peMrw|7zdWY4WhiEsYsSPJhYnPZg
5,108,7,2,PkDM_nwfFhI2vzKZiaLdBA|Gr8fjNtHJHtiaQblq5cCuw
84,48,113,2,Op8RPQBkiix8nDWsFvhnqw|Jj4TRoceBE0dNpS1rKHAyg
18,33,28,2,RlKxbcxLSUqjqL4tv4mOKg|WVtg_Jx7OfJRdbnKzT2p4w
12,102,31,2,N2mQaoGB2KZBh-kL74q_qg|WJnWJ91JQd1Vfe2Z65uj7g
1,28,43,2,5TPd08_WpGUpUIuSL3iDog|SQdlL7Wy-Dl2O8rhMOIx9w
27,101,28,2,xSALjCBZUzmUlQh488VDKA|ToabDnA0weGn7M-x7ljGnw
43,121,19,2,1GtznWHocNxSCunIKUzcmg|qZmJGx9UOd6JaE1gMJh2jg
19,65,26,2,QlTsoRTRxMztgkB0CAvYYA|Xaw5lzLAsZ6l-A953EAGHQ
8,29,123,2,rg6z4zFMxjj16qAnJ65gxg|gYufeBwyhEHV7l2mkEaxtg
92,53,117,2,93K-xlLwLnwcFuV2r2MI6Q|DIGW-yEmaQeEq_SJKvbZyg
120,51,28,2,9OhPfV0C3Q49l5tSre2MuQ|cbr2Db20L6P50CsxsX6c2A
114,105,108,2,PCmoZ6i5fXLKti6SmykDNg|s30pUay0opzvriFweACWEA
108,25,117,2,onAxL1mLxQb4TzZrJ2rYMg|BxFVadUslmGpxFTXhqq7Gg
23,115,21,2,GXM_Uitc3Ep8CvwEq_kpcQ|nzMsAREnsFlsCHsBUwL2SQ
77,111,42,2,KZ2V1ZPnrwoT0zcJunyIQw|0X5TTmfBPPY98Ra2CcSw0Q
36,118,7,2,bWJZiwXPWgtlmDDyt-YCEw|xYiFhIxwluJ_qYIyScWufA
45,51,77,2,LiHdRXlcj0GDm_e97oiwKw|kj3Lyh9KooU8GcRBbMDQWQ
25,38,88,2,jSMqQraH0LOipwu8Z3Srqg|zc5VAa0CBWIvk7GLr9d5Qw
87,83,44,2,E2pfdKBpou7ZdIBxyZo1PQ|ij_dE1TNqe_BHrzEGAWU4w
2,44,4,2,BHCR4ixknwzdB8EFiA6mbA|vJLv0SngNqbst2c5ck-csA
81,56,56,2,8P8HIysyyGbG8_94cG1Jyg|wjGV_sRxlhLKgvOBA8PhYQ
99,67,127,2,geeWmd8T39C2_cbVjmsaCA|Li0rvEbw0kGwYcwGM2HJxg
121,94,71,2,XoYRjfl43dcBFTanwCuWJA|AkfmeCeil7c8Pkv1YyTe1Q
103,56,113,2,1RUStfReoIm_8NzWXKSbCA|XJnTY0wG45x9GBrgfNpkCw
63,116,107,2,Ydo8zFl1PaO--g5zwyVyVg|6OrsqRFZea5CEwc3TeKbfA
63,96,107,2,WZPCfTRiN4ipajP7gFfziA|5oiYQkCMlJ2nZEjttjEd_A
39,74,66,2,LPPRHV1X9YmTdj7X5fcAag|0bNbWkKmVxJmJuOZCtG7OQ
66,38,16,2,kAmXP3e66dxu21-5_9sBsw|nWpIXaVS8VuAsHZYID4Lww
76,23,16,2,5tQ_G8aG1AMFORCp3gMPwQ|iodTT7_XrGM0RBBWDPh0WQ
49,33,43,2,Ag3bj6WStEkDa2Ha72pQ7A|jBwfTPuxHgyAhsfTUONXdA
25,57,107,2,tUVAbJGTLNgOXiBt_CNcuw|9B1nqt_eBfbgUj1AlPGYBQ
96,89,83,2,1rfNEXrSkGXSd8LG27ncMA|FbuQkR42LQ-8AZINSD7FQQ
22,59,71,2,puByuNNYLkiEC9YjmQQAyQ|zpouVLawHf98VGOugPKcbA
123,41,110,2,gr5eG2ciS_6M-brZVQ-KEA|HxX6dXDeAOpkUPT4xT1wiw
97,105,32,2,wAxs2JRqxdj_7Hr0nRYuAw|-xMyD5JSvirlYKBcwbLsEw
91,78,44,2,5OW89S9JXE-mllkIWMg8hg|7NhDWaGc7xQfSDj3XKJq1w
45,100,64,2,6u9NhxUW3Y8rhZ7BJGEcdg|l2AIWFZ3ILuS4ovhdp_eeA
113,28,3,2,Qb5QKILoqYV1zuKE7Dzfzw|8jwRqJCG98YQXPcw3QfA8w
85,107,8,2,J7oMBdDypJ3lc738Luxpqw|J0axQzhoWD6A_iHoW5Bi_g
103,48,100,2,pW5DXTpKnw3y0fopipbJVg|qYREpGOZQ_Xio8Vo-a0TmQ
103,111,12,2,v61wRXqmrsBjoJrKkIHj9g|vq73W-SHrwBgXzQ__0yV2w
124,50,77,2,-PqeUUIN8Qgqhv5KMiRfHA|P6NMy0i18WO9gaaHXXqyKg
7,80,9,2,3lZIHVHrWHTEBPgjUpoZ6Q|TY4UT7ZHW9cfzxvna4mnfQ
66,50,12,2,8pqdJjefYq-a9IBSJJmKwA|2pLIQ0RHSmUbF0eIRT0LYg
5,92,85,2,j7dMQazjHXoBTsbpw5B28Q|X_1PaKwj4GhqwZ9Fi22WRA
46,87,63,2,XmYOhiKZZUhOfpaP41Go5Q|6BvmLng8AmH56-eSekl3zg
45,100,115,2,UdcLHHBRIxtelgbKBnhitA|7OPFjS9OsPIYX_wm0hbZDg
34,70,119,2,B71qd7T1voSiewKHUWD1cg|MjaNcaAWUFCW0mpNL-ymmQ
110,111,43,2,UVCiRVQID_amNd_q1K5POA|HHBbetQ-XRQYJprT5Qp9jw
98,102,19,2,s6eWF8rflISryRAUeOpqjA|CJJRMvWMr7r2MGhLg3Ij0A
81,48,19,2,3ccAyGhQyN7XOcMNWvytYw|oqy15jhe1lOXttEvd4Srog
6,44,57,2,cPE7HJNSrrUmeHPtCOzhuw|QHcyKaKnpqW_MRU1oPxUUA
112,119,101,2,Cz4YI2kwJe8h-VgAnR7X6w|cjg_d3DimSlqzA3LrL4KuA
100,83,4,2,YQ-BmAQ57pg4U3zTO9v8jw|fsCTI3UO1AB1LuoRNOudfA
7,30,107,2,jpiu8uKDtcAzW4z9vAeeoQ|eT89P1EOcc2aRqARtuG4Cw
61,126,60,2,BVe-jR0szZPC6o7r15jp4g|6tcFFccjwE4twLkrkqVLPg
114,96,57,2,5-JfStgLY03ion8gpUJF4A|Gqly-fbSiUhgXGgP4hAx7A
76,117,100,2,-kYESienondGaj9TFadkUg|2N-r5ne3I6rcVyJRcinZdg
48,111,87,2,WGOP8zsbkRItayp-KgiHnA|9nEASTWzpz2MildruqjFhg
50,40,1,2,V5eBe04jiJq7cxxn4F6y2g|FedLWKgw_FWN23S6-G6_KA
51,64,68,2,IZkYUE8V8hknaSnnn0-Xig|8y19WmeqxvOC7p_qPJL53g
84,43,58,2,VdpwcM3GQ2AjzSm5-9ZuTA|wPSQ2EGGlpTpjC4fsICQsg
112,69,30,2,2XHBmfcPgVBNY2QVDYKUZg|8iXVU-DFq1r_a3QTn24T8w
38,26,45,2,nx8a-0rWqmkQDtYtXK0nhg|5BzDew_PVYnppjRFJXGF7g
112,69,28,2,O7l6SYxKM5Skl7i-JsRJ1g|TrjdAJMdOVaSZcVxpM7qxw
18,58,110,2,m5ne44a3Vu7-zILKGxc4SQ|9RNM2ieC0Vu2tie28Qm6ZA
81,117,65,2,4J06--ty2Ydj1---IsArLw|kfpwO_cdVQdTh2_oMDZ51Q
115,69,107,2,n1gQguBwqKGBHjCojEDAog|8awz5GSXpwf3MIxztHmoGg
126,17,51,2,uxPKXkQXVptsahM9-uKaaw|Xr08bwIBEsaQr83aJKQbNg
45,51,42,2,G1q1IeNbiRJL5bReBLFdzQ|zm9aNqkHHtp1f-VT3ZlOZw
106,50,96,2,7WD63dyoVXKdCFb9ly5EhA|YGVBacpj1YW4q69hlYKoVA
88,31,32,2,u-MF7O0mULjBnjz71fNplQ|pnKLDu8o3zG-Y8SUQXJhtQ
105,17,71,2,FcZCU1-T43sEh8nzoUTnQA|VD1wPJPt9_DdHKrxfoFLAA
38,35,15,2,mdxTBY30zvwlDa3r5hgffA|EKHJbUCJDaKjz3bScLILLA
120,37,100,2,Iq5svbpQv05faAs1i4G-IA|QHpf3YP3mjENTwciIQ_m5A
55,83,37,2,3rfuvMPsAWPuBcgbJfGRnA|9IoOPZso2R0Y56xLvQS5jQ
81,117,113,2,68jYcCg7p8zEeArIUgky9Q|V0SHmvYtXqdv8-AsqshV6w
77,51,57,2,zjTBfbvbN2Ps6_Ar0w-fuQ|LQZdcwfqneUIrZTy1VvWfg
50,104,75,2,a4wVXGsGgVyhIX5iGInrQQ|TbDcfpPLWD4eJEtn8AND7A
116,2,36,2,DFZnh7ApQMk0nYvwTlRUxw|x-Jq6ChfYfKwfoRid3GnMQ
42,29,17,2,YI594HdujKJ6qV6_v7STCA|8mFAM9zata2b0FEBkWJovA
72,4,84,2,fjPsBdE-5ORzbEZ5pnloRA|Ee8FPJNn4WHLsBhyFrQJhA
72,103,7,2,1pkuCWlH3iEuUAQVHpIuHQ|_Mf6thZ3iq30UP8tnkYeRg
72,92,100,2,AXinWDle4ZYGtkdwqkBETQ|uTZNjhXe5yCTMuEEN_xwEQ
67,28,12,2,AERr7jPbAZmShrwfKzUqfA|GltVrzwcDYT9Om8tW6H3FA
71,105,48,2,gi0spJVFEYqfDWv0cI1KgQ|Ko4QKy1FGcOlHURKZNaNJQ
83,118,74,2,Vnh_rLa0jrd4Tqjh4633Aw|2lcgp7-09VXUTnlQ4PPKpw
25,40,74,2,5sC333jexxCw6xhCgkkjhw|Ag0C5OfkIYHUBXrnnUwBHw
96,42,12,2,0WnfHcKIzFgf3kAIP4NEbQ|QRSqUgPK7W_6z8yB27KD4g
14,22,82,2,NGSPSm2NCaLMPo7d_33LIg|Q1jYPFUp2PCZVhsRwg0rrw
76,56,110,2,JUiwOZynj3Wid_spJoxUug|tKsawuzB214VPzXb1488Ew
109,75,36,2,5ct34otoSU9jVmeLb7LNFQ|6iK1I_1a2_l5IFDUPfj2tQ
109,120,70,2,mJqwqXTua2ow3zHEyMm7Bw|k2orlWRsgy0s30pIUBfUbQ
85,54,85,2,hzMUPss52CP-xg5BO6TIfw|-f9-YAj51rq1CUscVRwXEQ
103,47,58,2,rjuWz_AD3WfXJc03AhIO_w|911Zlr47_jGbqa1KRs8xqg
118,24,30,2,wkKOXNzFjTgWLqZXl2MW1A|ArOAscYDf3rG7S2bT2cHCQ
24,38,115,2,_s_51Vmq1LVQnGFSa-KfUw|L_Rwy6oSAnMUY3NCDspxmA
1,1,43,2,Lr79G0jxKFfR2DyX7tpMsw|H8u-gnn80Am8ejA3YuOUyQ
84,53,58,2,iPr31XB3GJFEUHKCHLCDkw|q9WA6PqTLnB78DWPu5YJ5A
89,26,83,2,4TGIrdvZXiO-JxCpaaYUbg|1whTNrRcL7E0rzLYURJvmA
39,30,19,2,rc8c-tp32B71Y-yx2AFZCA|B6RTtrOfGwXoTCJUNIsVJg
54,51,29,2,dlFdjPUJI1eqRs8WVPE3QA|e-ZyZc24wgkKafM3pguR2w
93,106,42,2,or_HF43bWzG91XgpurhYpg|F8zdcJRLKNrOdGdqP3i3hQ
84,111,63,2,y3LlrItb8nrzMYYiqQee3g|jkGQQ4_LgJx3hwPtCFkzbQ
116,40,41,2,4FS0BXHYW2ag97OgJ_awLw|dgKZ0vI459VQFJzu_RB7tA
119,75,26,2,v7aaDOZICNYGTzyhPbQOgw|2jCHPyPvG0b00HjUKeDeTg
118,35,22,2,Tm3QiAVLJAR2fEJK7APPPQ|5FFLKjQfp0bJhfL-F9xfjQ
98,123,113,2,RHM0rgCNOMGzADrOtPHMBw|ZLPiilFRZQ8akYTpoC2O2w
118,52,30,2,LNQSFEjYjJNODULj_mSWvw|myQJP8ZziqXDgQBpfqoTvQ
27,14,32,2,Njui2GtNLJrJtTDExQAOoA|qIYZ8uTzQcBkdH-lC3loug
30,26,83,2,3O8-GYC2oOmrJz9nuFjaxA|8gufdqP_ZArKVoJdwE-JcQ
71,122,100,2,Tx1M1NCUYE2Ma2fgKexBKQ|MtqyrUucAWu3UqdOzhQcbA
81,38,115,2,UlQDf4jrww_L5b-AYnLO6g|LzVvcVm48zYIcQnwLKt1oA
13,65,23,2,fnQe5CpGnkY42768WyQHsw|0YaJvKyISJ74IrTqehgYdg
1,26,56,2,GeEuj4Opkd3aM1yOQ_pOJA|IVA_KlMolrs2LVWLVXAs8A
109,99,70,2,ZBaetx-wjXvQVzfB_OnASQ|VZbkSeZtFynEascotq7ExA
6,109,19,2,OvPLQLLu2E0DmNgQn-NM1g|n7oAS0xmwPLjfw7lHdcAxg
19,92,96,2,ppEDJRsyGcFqBw10STGDqw|MdxSCDMlOPZ2peHIDUZSFg
24,105,37,2,VSVtG0BfSCRIZfo03VgHCQ|s8MTunfjxZslRLcjlTiCJg
99,103,105,2,mNu6xYO2bn-rvacN12h9WA|58Etdgo1QYkcOdZC7xTQgA
42,93,88,2,Q93hDbLqgCHx9l1zmP5Gcg|nnj7qBkatEsflXfnPzsBZw
88,12,19,2,e8pMCk4bE0U4qk7z59Lxkg|PRbf-L4kY5vOGLxwBwzdSg
17,101,28,2,6I_DA3uqOox50rBvjrQ_-g|BzYlrtKVKZ2YZV5mCMXBuw
51,26,14,2,9cKsMBNhLCEgpHWcOHpC8A|568sC23pW0WZYXafvhJZDA
88,105,32,2,Q5gDZXs5X6oIgNGThOLZUA|0Fdn_98lawOYiFPh68HUUg
89,52,30,2,-IxZMOReWDCJDD-A2N92_Q|dNhZQWYVm3V4rnyqL3oWVw
75,123,117,2,IzTh_D90T7LZRxy1lgAG-Q|iVUn8TARiBRzrgvDXpqONw
106,87,57,2,A9El2DdT9Qx2tfFc_f279A|8XtpIfn6bjrzKQraKuZHEQ
62,117,9,2,NCwvtN1oZvLamyOhZ2OzAQ|dyNgfmu0wiQej_ivrxOSqw
56,65,92,2,Vuagn0IMG5Ug2X3dhvZ9uw|FKcvOjndFdq7-Dy4M-mrKQ
92,115,83,2,oRLG5fJrGJzzj4AO4yjqMg|ziyXteCmNmRprs10buP2iQ
73,7,91,2,M8gqtBtaryMw4a5QStE1QQ|H4eTwVFJvjCL0asz94CSTA
127,103,105,2,OaHcc6K38XQaStonzKJ3bg|K-7yK_HKL0FncU3pxC92tw
54,5,126,2,B0md6FVC6Or4jZXCvOv1eg|tKL_MbA8s_ZeU4RV5m-0QQ
120,72,115,2,jZGqAdBlDnrP-J7--vdPxA|qQO7ErS_RAN4Vs1uX0L55Q
65,123,83,2,fYXCk6Usfd2wzyaBBIM4dw|T8NWs6flR26edfhhwJNhNA
6,31,50,2,LGs4pFZig73PTn-HpsnJoA|FGdxWqLjlTwanru0uWm8-A
87,121,7,2,RrqRin8BYGrTlJbCDwtLzA|kLS3Sth5HvO0IjrXCCvXxA
